code,description
T5041103,"Rehabilitate Avenue M Station - Brighton Line"
T5041104,"Rehabilitate Neck Road Station - Brighton Line"
T5041105,"Rehabilitate Avenue H Station - Brighton Line"
T5041106,"Rehabilitate Avenue J Station - Brighton Line"
T5041107,"Rehabilitate Avenue U Station - Brighton Line"
T5041108,"Rehabilitate Bleecker Street Station - Lexington Avenue Line"
T5041109,"Rehabilitate 59th Street Station - Broadway-7th Avenue Line"
T5041110,"Rehabilitate 59th Street Station - 8th Avenue Line"
T5041113,"Kings Highway Station - Brighton Line"
T5041114,"Newkirk Avenue Plaza Station Phase 2 - Brighton Line"
T5041123,"Rehabilitate Jay Street Station - Fulton Line"
T5041127,"Rehabilitate 96th Street Station - Broadway-7th Avenue Line"
T5041138,"Rehabilitate Morrison-Sound View Avenue Station - Pelham Line"
T5041147,"Rehabilitate Parkchester-E 177th Street Station - Pelham Line"
T5041149,"Rehabilitate Elder Avenue Station - Pelham Line"
T5041150,"Rehabilitate Whitlock Avenue Station - Pelham Line"
T5041155,"Rehabilitate Beach 67th Street Station - Rockaway Line"
T5041156,"Rehabilitate Beach 60th Street Station - Rockaway Line"
T5041157,"Rehabilitate Beach 44th Street Station - Rockaway Line"
T5041158,"Rehabilitate Beach 36th Street Station - Rockaway Line"
T5041159,"Rehabilitate Beach 25th Street Station - Rockaway Line"
T5041160,"Rehabilitate Mott Avenue Station - Rockaway Line"
T5041161,"Rehabilitate Beach 90th Street Station - Rockaway Line"
T5041162,"Rehabilitate Beach 98th Street Station - Rockaway Line"
T5041163,"Rehabilitate Beach 105th Street Station- Rockaway Line"
T5041174,"Rehabilitate East 180th Street Station - White Plains Road Line"
T5041192,"Reconstruct Cortlandt Street Station - Broadway-7th Avenue Line - Design Only"
T5041302,"Station Accessibility (ADA) - Bleecker-Broadway/Lafayette Street Station Complex"
T5041303,"Station Accessibility (ADA) 59th Street - Columbus Circle Station Complex"
T5041305,"Station Accessibility (ADA) Kings Highway Station - Brighton Line"
T5041309,"Station Accessibility (ADA) Jay Street Station - Fulton Line"
T5041311,"Station Accessibility (ADA) 96th Street Station - Broadway-7th Avenue Line"
T5041312,"Station Accessibility (ADA) Jay Street-Lawrence Street Transfer"
T5041317,"Station Accessibility (ADA) Mott Avenue - Rockaway Line"
T5041319,"Station Accessibility (ADA) East 180th Street Station - White Plains Road Line"
T5041402,"Passenger Transfer: Bleecker-Broadway/Lafayette Streets"
T5041406,"Passenger Transfer: Lawrence Street/Jay Street Stations"
T5041421,"Station Component Repairs"
T5049901,"Rehabilitate 71st Street Station - West End Line"
T5049902,"Rehabilitate 79th Street Station - West End Line"
T5049903,"Rehabilitate 18 Avenue Station - West End Line"
T5049904,"Rehabilitate 20 Avenue Station - West End Line"
T5049905,"Rehabilitate 25 Avenue Station - West End Line"
T5049906,"Rehabilitate Bay 50th Street Station - West End Line"
T5049907,"Rehabilitate Bay Parkway Station - West End Line"
T5049908,"Station Accessibility (ADA) Bay Parkway Station - West End Line"
T5049909,"Rehabilitate Fort Hamilton Parkway Station - West End Line"
T5049910,"Rehabilitate 62nd Street Station - West End Line"
T5049911,"Rehabilitate 9 Avenue Station - West End Line"
T5049912,"Station Work 50th Street Station - West End Line"
T5049913,"Station Work 55th Street Station - West End Line"
T5049915,"Gap Fillers Union Square Station Phase 3"
T5049914,"Install Induction Loops For 642 Station Booths"
T5060206,"Tunnel Lighting 42nd Street To 96th Street - Broadway-7th Avenue Line"
T5060209,"Tunnel Lighting Bergen To West 4th Street - 6th Avenue Line"
T5060213,"Tunnel Lighting 4th Avenue Portal To Church Avenue - Culver Line"
T5060301,"Fan Rehabilitation 30th Street - 6th Avenue Line"
T5060302,"Fan Wrap-Up Work - Archer Avenue Line"
T5060405,"Pumps 3 Locations - Prospect Park Line"
T5069901,"Vent Plant Rehabilitation - Jackson Avenue - Queens Boulevard Line"
T5070303,"Overcoat Bronx Park East To 241st Street - White Plains Road Line"
T5070307,"Rehabilitate Culver Viaduct Phase 2"
T5070312,"Ocean Parkway Station Viaduct - Brighton Line"
T5070317,"Overcoat Whitlock Avenue Portal To Pelham Bay Park - Pelham Line"
T5070318,"Rockaway Viaduct Phase 2"
T5070324,"Overcoat 103Rd Street To Main Street Portal - Flushing Line"
T5070333,"Flooding Mitigation: Various Locations"
T5079901,"Structural Rehabilitation 63Rd Street To Bay 50th Street - West End Line"
T5079902,"Structural Rehabilitation 9th Avenue To 63Rd Street - West End Line"
T5080308,"Communications-Based Train Control Flushing Line Phase 1"
T5080311,"Signal Modernization White Plains Road Line Phase 3: East 180th Street"
T5080312,"Interlocking 4th Avenue - Culver Line"
T5080314,"Interlockings 5th Avenue, Lexington Avenue - Queens Boulevard Line"
T5080316,"Modernize 3 Interlockings - 8th Avenue Line"
T5080302,"Signal Control Modifications Phase 3"
T5080303,"Signal Cable Replacement"
T5080307,"Signal Key-By Circuit Modifications Phase 2"
T5080319,"Communications-Based Train Control Equipment - 64 R160 Cars - Canarsie Line"
T5080615,"Public Address / Customer Information Screens - Phase 3"
T5080601,"Data Network Phase 2 Ind/Bmt-Atm Option"
T5080602,"System-Wide Application Migration Phase 2"
T5080604,"Copper Cable Replacement: Various Locations"
T5080608,"Antenna Cable Replacement Phase 2"
T5089901,"Heating, Ventilation And Air-Conditioning: Station Communication Rooms"
T5090205,"Modernize Dyckman Street Substation"
T5090207,"Modernize Caton Avenue Substation"
T5090210,"Modernize South Railroad Avenue Substation"
T5090212,"Rehabilitate Underground Substation Hatchways"
T5090216,"Modernize Greeley Substation"
T5090402,"Cable Cranberry Tube, Ducts"
T5090412,"Circuit Breaker House East 180th Street"
T5090403,"Control Cables 4 Substation Control Zones"
T5099901,"Jay Street Substation, Dc Feeders, Circuit Breaker House #579"
T5099902,"Rehabilitate 3 Irt Substation Enclosures"
T5110202,"38th Street Yard Portal Viaduct Retaining Wall"
T5110203,"Corona Yard Phase 3 Signals, Track Rehabilitation"
T5119901,"Yard Fencing Priority 1: 8 Locations"
T5119902,"Yard Fencing Priority 2: 5 Locations"
T5120306,"Reconstruct Clara Hale Depot"
T5120307,"East New York Depot Repairs"
T5120408,"Bus Rapid Transit Phase 1"
T5160604,"Fire Alarm/Sprinklers At 5 Locations"
T5160702,"Employee Facilities Rehabilitation 59th Street Station - 8th Avenue Line"
T5160724,"Employee Facilities Rehabilitation Parkchester-East 177th Street Station - Pelham Line"
T5160726,"Employee Facilities Rehabilitation East 180th Street Station - White Plains Road Line"
T5010101,"Purchase 23 A Division Cars"
T5010103,"Purchase 382 B Division Cars"
T5030206,"747 Standard Buses 2007"
T5030218,"90 Standard Buses 2009"
T5030221,"54 Express Buses"
T5050213,"Mainline Track Replacement 2009"
T5050214,"Track Force Account 2009"
T5050305,"25 Mainline Switches In-House 2009"
T5130205,"Purchase 19 Diesel-Electric Locomotives"
L5020425,"Jamaica Fit-Out Phase 2"
L50304TQ,"Main Line Corridor Improvements -Hicksville North Siding"
L50304TR,"Main Line Corridor Improvements -Hicksville Station Improvements"
L50304TS,"Main Line Corridor Improvements -Divide Supervisory Control & Remote Terminal Units (Rtus)"
L50304TT,"Main Line Corridor Improvements -Ellison Avenue Bridge"
L50304TY,"Main Line Corridor Improvements -Oyster Bay Branch Improvement With Mineola Drainage"
L50401B4,"Atlantic Viaduct, Phase I"
L50499BY,"Atlantic Avenue Viaduct, Phase Ii(A)"
L50501S7,"Fiber Optic Network"
L50501S8,"Audio Visual Paging System"
L50502SL,"Jay, Hall & Dunton Microprocessors"
L506016Y,"Life Cycle Maintenance Shop - Design And Construction"
L50701PG,"Replace 3 Substations"
L50701PH,"Demolish / Construct 6 Substations"
M5020201,"Hudson Line Stations Improvements"
M5020202,"Croton-Harmon And Peekskill Station Improvements"
M5020205,"New Haven Line Stations Improvements"
M5020303,"Cortlandt Parking And Access Improvements"
M5029901,"Tarrytown Station Improvement"
M5030102,"Turnouts: Mainline / High Speed"
M5030301,"West Of Hudson Improvements Track Program"
M5040107,"Signal System Replacement"
M5050108,"Harlem And Hudson Lines Power"
D501CB08,"Deck And Structural Rehabilitation - Cross Bay Bridge."
D501TN85,"Structural Steel Repairs At The Suspended Spans And Tower Spans Of The Throgs Neck Bridge."
D502BW89,"Elevated And On Grade Approach Deck Replacement At The Whitestone Bridge."
D502HH80,"Lower Level Deck Replacement At The Henry Hudson Bridge."
D502TB64,"Replacement Of Decks At Randall'S Island And Ward'S Island Viaduct And New Ramps At Robert F. Kennedy Bridge."
D502TN50,"Replacement Of Concrete Deck And Rehabilitation Of The Abutment And Retaining Walls Of The Queens Approach To Throgs Neck Bridge."
D502VN80,"Rehabilitate Suspended Decks, Upper Level - Verrazano Narrows Bridge."
G5090114,"ESA: Grand Central Terminal Concourse Civil & Structural"
G5090115,"ESA: 50th Street Ventilation Facility"
G5090117,"ESA: Construction Of Various Infrastructure Elements At Harold Interlocking (Part 1)"
G5090118,"ESA: Harold Interlocking Force Account Work"
G5090119,"ESA: Harold Cils & Communication System"
G5090122,"ESA: Queens Bored Infrastructure"
G5090128,"ESA: Madison Yard Demolition"
G5100101,"Second Avenue Subway: Contract 2A - 96th Street Station"
G5100102,"Second Avenue Subway: Contract 4B - 72nd Street Station Structure"
G5100103,"Second Avenue Subway: Contract 5A - 86th Street Station Structure"
G5100104,"Second Avenue Subway: Contract 6: Systems"
G5110104,"Structural And Civil Construction For The Extension Of #7 Subway Line"
G5110107,"Construction Work At Site L For The Extension Of #7 Subway Line"
G5110108,"Construction Work At Site J For The Extension Of #7 Subway Line"
G5110110,"Construction Work At Site K For The Extension Of #7 Subway Line"
G5110101,"Reserve Funds For Work Beyond Running Tunnel For The Extension Of The #7 Subway Line"
G5110103,"Construction Management Services For The Extension Of #7 Subway Line"
E6040201,"Restoration Of Throgs Neck Bridge Tower Base Lighting After Super Storm Sandy"
E6040202,"Recovery: Beach 116 Street Station On The Rockaway Line"
E6040206,"Communications & Signal Infrastructure Restoration Phase 2"
E6040208,"MNR Comm & Signal Infrastructure Restoration"
E6040210,"Restoration Of Cross Bay Bridge Utilities Damaged By Super Storm Sandy"
E6040211,"Recovery: Police District Office #34 At Stillwell Terminal"
E6040212,"Recovery: South Ferry Advance Removal"
E6040213,"Recovery: South Ferry Station Complex"
E6040218,"Recovery: Purchase Emergency Alarms (South Ferry)"
E6040219,"Recovery: Station Rooms (South Ferry) (SBFP)"
E6040221,"Recovery: Station Rooms Ii (South Ferry) (SBFP)"
E6040222,"Recovery: Shaft Excavation - 1 Avenue (Canarsie Tube)"
E6040223,"Recovery: Old South Ferry Loop Entrance Closure (SBFP)"
E60402ZA,"East River Tunnel Restoration Of Signal System Reliability"
E60402ZB,"Wreck Lead Bridge Systems Restoration"
E6040205,"Communications & Signal Infrastructure Restoration Phase 1"
E6040207,"Restoration Of Marine Parkway Bridge -Electrical Equipment Damaged By Super Storm Sandy"
E6040203,"Restoration Of Ventilation Buildings Electrical And Mechanical Systems At Queens Midtown Tunnel After Super Storm Sandy"
E6040204,"Recovery: Stations, Facilities And Fare Equipment - Design Only"
E6040243,"Restore Hugh Carey Tunnel Utilities Damaged By Super Storm Sandy"
E6040281,"Restoration Of Queens Midtown Tunnel - Control/Communications Systems Cctv Traffic Signals After Super Storm Sandy"
E6040214,"Recovery Reserve: South Ferry Station Restoration"
E6040215,"Recovery Reserve: Rockaway Line Stations"
E6040216,"Recovery Reserve: Major Station Restoration At Various Locations"
E6040217,"Recovery: Purchase And Install Automated Fare Collection Equipment"
E6040303,"MNR Communication & Signal Infrastructure Resiliency"
E6040306,"Mitigation: 6 Lower Manhattan Stations - Design Only"
E6040307,"Enhancement Of Power Redundancy At The Throgs Neck Bridge"
E6040310,"Mitigation: Sidewalk Vent Covers (SBFP)"
E6040311,"Mitigation: 8 Lower And Upper Manhattan Locations - Design Only"
E6040313,"Mitigation: Stair Covers/Marine Doors At Subway Station Entrances In Lower Manhattan (SBFP)"
E6040314,"Mitigation: Stairwell Protection (Flexgates)"
E6040315,"Mitigation: Installation Of Watertight Hatches At Various Stations (SBFP)"
E6040316,"Mitigation: Stair Cover/Marine Doors At Subway Station Entrances In Lower Manhattan"
E6040318,"Mitigation: Coastal Storm Mechanical Closure Devices"
E6040320,"Mitigation: Critical Room Resiliency"
E6040322,"Mitigation: Street Level Openings"
E6040323,"Mitigation: Upgrade Backup Command Center"
E6040324,"Mitigation: Internal Station Hardening At 7 Stations"
E6040325,"Mitigation: Internal Station Hardening"
E6040326,"Mitigation: 6 Critical Lower Manhattan Locations - Design Only"
E6040327,"Mitigation: Street Level Openings At 7 Stations And 1 Fan Plant"
E6040328,"Mitigation: Street Level Openings At 9 Stations"
E6040329,"Mitigation: Internal Station Hardening At 3 Stations"
E6040331,"Mitigation: Long Term Flood Mitigation Studies At Various Locations"
E6040332,"Mitigation: Lower Manhattan Flood Doors/Hatches At Bowling Green Station On The Lexington Line"
E6040333,"Mitigation: Lower Manhattan Hatch Installation (Wrap-Up)"
E6040334,"Mitigation: Internal Station Hardening -148 st Comm Rm"
E6040338,"Mitigation: World Trade Center / Cortland Street"
E6040339,"Mitigation: 138 Street-Grand Concourse Station On The Jerome Line"
E6040342,"Mitigation: Street Level Protection At Wtc Cortlandt Station On The Broadway-7 Avenue Line"
E60403ZJ,"Atlantic Ave Tunnels Mitigation"
E6040302,"Mitigation Reserve: Emergency Communication Enhancements"
E6040301,"Power And Signals Mitigation"
E6040304,"Power And Signals Mitigation Phase 2"
E6040305,"Mitigation: Removable Ventilator Covers (SBFP)"
E6040308,"Mitigation: Lower Manhattan Hatch Installation (SBFP)"
E6040309,"Mitigation: Manhole Castings & Conduit Duct Penetration (SBFP)"
E6040317,"Mitigation: Upgrade Emergency Booth Communication System"
E6040330,"Mitigation: Design Support"
E6040335,"Mitigation: Coastal Storm MCD Wrap-Up"
E6040336,"Mitigation: Street Level Opening Wrap-Up"
E6040340,"Mitigation: Outstanding Street Level Opening"
E6040341,"Mitigation: Additional Work At Selected Vent Bays"
E6050202,"Environmental Clean-Up At The Hugh Carey Tunnel After Super Storm Sandy"
E6050205,"Recovery Reserve: Track Restoration At Various Locations"
E6050206,"Power Infrastructure Restoration Phase 1"
E6050207,"Power Infrastructure Restoration Phase 2"
E6050208,"Power Infrastructure Restoration - Substations"
E6050209,"Power Infrastructure Restoration - Harlem River Lift Bridge"
E6050210,"Power Infrastructure Restoration - Remote Terminal Houses"
E6050211,"This Project Will Provide Reserve Funding For The Sandy Program."
E6050212,"Recovery: Mainline Track (53 Street Tube)"
E6050213,"Recovery: Mainline Track (South Ferry)"
E6050214,"Recovery: Mainline Track (Steinway Tube)"
E6050216,"Recovery: Mainline Switches (South Ferry)"
E6050218,"Recovery: Mainline Switches (200th To 207th Street / 8th Avenue)"
E60502ZC,"Restoration Of The Long Beach Branch"
E6050201,"Restoration Of The Cross Bay Bridge Service Building After Super Storm Sandy"
E6050203,"Environmental Clean-Up At Queens Midtown Tunnel After Super Storm Sandy"
E6050204,"Restoration Of Queens Midtown Tunnel Ventilation Buildings After Super Storm Sandy"
E6050221,"Restoration Of Hugh Carey Tunnel Ventilation Buildings After Super Storm Sandy"
E6050215,"Recovery Reserve: Rockaway Line Track Restoration"
E6050217,"Recovery: Mainline Track (200th To 207th Street / 8th Avenue)"
E6050301,"Flood Mitigation - Relocate Revenue Equipment At The Verrazano Narrows Bridge"
E6050302,"Flood Mitigation - Studies And Conceptual Design For Flood Mitigation At The Hugh Carey And Queens Midtown Tunnels"
E6050303,"Hugh Carey Tunnel - Raise Seawalls At The Governors Island Vent Building"
E6050304,"Queens Midtown Tunnel Mitigation & Interagency Improvements Reserve"
E6060201,"MTA B&T Administration Related To Sandy Funding And Program Implementation."
E6060207,"Recovery: Tunnel Lighting (Montague Tube)"
E6060208,"Recovery: 2 Pump Rooms (Montague Tube)"
E6060209,"Recovery: Fan Plant (Montague Tube)"
E6060210,"Recovery: Tunnel Lighting (Greenpoint Tube)"
E6060211,"Recovery: Pump Room (Greenpoint Tube)"
E6060212,"Recovery: Fan Plant (Greenpoint Tube)"
E6060213,"Recovery: Tunnel Lighting (Canarsie Tube)"
E6060214,"Recovery: Tunnel Lighting (Rutgers Tube)"
E6060216,"Recovery: Tunnel Lighting (Joralemon Tube)"
E6060217,"Recovery: Pump Room (South Ferry)"
E6060218,"Recovery: 2 Pump Rooms (Southern Manhattan)"
E6060219,"Recovery: Pump Room (Canarsie Tube)"
E6060220,"Recovery: Pump Room (207 Street-Broadway / 8th Avenue)"
E6060221,"Recovery: Pump Room (Steinway Tube)"
E6060223,"Recovery: Fan Plant (South Ferry)"
E6060224,"Recovery: 3 Fan Plants (Southern Manhattan)"
E6060225,"Recovery: 3 Fan Plants (Cranberry And Rutgers Tubes) - Design Only"
E6060226,"Recovery: Fan Plant (Clark Tube)"
E6060227,"Recovery: Tunnel Lighting (South Ferry)"
E6060228,"Recovery: Tunnel Lighting (200th To 207th Street / 8th Avenue)"
E6060230,"Recovery: 2 Pump Rooms (Cranberry Tube)"
E6060231,"Recovery: 2 Fan Plants (Cranberry Tube)"
E6060232,"Recovery: 2 Pump Rooms (Rutgers Tube)"
E6060233,"Recovery: Fan Plant (Rutgers Tube)"
E6060234,"Recovery: Pump Room (Clark Tube)"
E60602ZD,"West Side Storage Yard Restoration"
E60602ZL,"Long Island City Yard Restoration"
E6060206,"Recovery: Line Equipment Restoration At Various Locations - Design Only"
E6060229,"Recovery Reserve: Line Equipment Restoration At Various Locations"
E60602ZO,"LIRR Shops & Yards Restoration Reserve"
E6060306,"Mitigation: Above-Grade Surface Protection At 6 Fan Plants"
E6060308,"Mitigation: Hatch Replacement And Installation Of Mechanical Closure Devices At Various Fan Plants (SBFP)"
E6060310,"Mitigation: Seal Conduit And Duct Penetrations (SBFP)"
E6060313,"Mitigation: 2 Pump Rooms (Joralemon Tube)"
E6060318,"Mitigation: Pumping System Improvements - Design Only"
E6060320,"Mitigation: 11 Fan Plants"
E6060321,"Mitigation: 4 Fan Plants"
E6060323,"Mitigation: 2 Pump Rooms (Cranberry Tube)"
E6060324,"Mitigation: 3 Pump Rooms (Clark Tube)"
E6060325,"Mitigation: 1 Fan Plant"
E6060326,"Mitigation: 1 Fan Plant (SBFP) - Design Only"
E6060329,"Mitigation: 14 Fan Plants And Adjacent Tunnels - Design Only"
E6060330,"Mitigation: 1 Fan Plant On The Flushing Line"
E6060332,"Mitigation: 3 Pump Rooms (53Rd st Tube)"
E6060333,"Mitigation: Pump Control Room (Steinway Tube)"
E6060335,"Mitigation: 2 Pump Rooms (Rutgers Tube)"
E6060336,"Mitigation: 4 Pump Rooms (Jerome-Pelham Tube)"
E6060338,"Mitigation: 2 Pump Rooms (Steinway Tube)"
E6060339,"Mitigation: 17 Fan Plants Wrap-Up (2 Locations)"
E6060341,"Mitigation: Outstanding Work At 3 Fan Plants"
E6060342,"Mitigation: Duct Seals At 2 Fan Plants"
E60603ZK,"Long Island City Yard Resiliency"
E60603ZP,"West Side Yard & East River Tunnel Mitigation"
E60603ZS,"Long Island City Yard Resiliency"
E60603ZU,"Long Island City Yard - Construction"
E6060301,"Mitigation Reserve: Pumping System Improvements"
E6060302,"Mitigation Reserve: Subway Equipment Hardening In Flood-Prone Areas, Phase 1"
E6060303,"Mitigation Reserve: Subway Equipment Hardening In Flood-Prone Areas, Phase 2"
E6060304,"Mitigation: Conversion Of 2 Pump Trains"
E6060305,"Mitigation: 17 Fan Plants And Adjacent Tunnels"
E6060307,"Mitigation: Deployable Vent Covers (SBFP)"
E6060309,"Mitigation: Hatch Replacement At Various Fan Plants (SBFP)"
E6060311,"Mitigation: Pumping System Improvements For Under River Tubes"
E6060312,"Mitigation: Purchase Of Backup Generators"
E6060316,"Mitigation: Improve Pumping Capacity (Annex Pumps) - Design Only"
E6060317,"Mitigation: Conversion Of 2 Pump Trains"
E6060319,"Mitigation: Department Of Buses Mobile Pumps"
E6060322,"Mitigation: Right-Of-Way Equipment Hardening"
E6060327,"Mitigation: Pump Room Enhancements"
E6060328,"Mitigation: Department Of Subways Mobile Pumps"
E6060331,"Mitigation: Steinway Portal Signal Tower"
E6060337,"Mitigation: Department Of Buses Generators"
E60603ZQ,"East River Tunnels High Density Signaling"
E6070202,"Recovery: Line Structure Restoration On The Rockaway Line"
E6070209,"Recovery: Staten Island Railway Restoration - Design Only"
E6070210,"Recovery: Clifton Shop - Phase 1"
E6070211,"Recovery: Reconstruction Of Clifton Car Repair Shop"
E6070212,"Recovery: St. George Terminal Tower B - Phase 1"
E6070213,"Recovery: St. George Terminal Tower B - Phase 2"
E6070214,"Recovery: St. George Interlocking"
E6070215,"Recovery: St. George Terminal Tower B - Phase 2, Employee Facilities"
E60702ZE,"Long Beach Branch Substation Replacement."
E60702ZM,"First Avenue Substation Restoration"
E60702ZN,"Long Island City (Lic) Substation Component Replacement"
E6070206,"Recovery: Line Structure Repairs At Various Locations - Design Only"
E6070207,"Recovery Reserve: Rockaway Line Structure Restoration"
E6070208,"Recovery Reserve: Staten Island Railway Restoration"
E6070302,"Mitigation: Reconstruction Of Clifton Car Repair Shop"
E6070303,"Mitigation: St. George Terminal Yard"
E6070304,"Mitigation Reserve: Sea Beach Line Flood Prevention, Phase 1"
E6070305,"Mitigation Reserve: Sea Beach Line Flood Prevention, Phase 2"
E6070306,"Mitigation: Internal Tunnel Sealing For West 4th Street Interlocking"
E6070307,"Mitigation: Internal Tunnel Sealing"
E6070308,"Mitigation: Steinway Portal"
E6070309,"Mitigation: Long Term Flood Protection At Hammels Wye"
E6070310,"Mitigation: Debris Shielding On The Rockaway Line"
E6070311,"Mitigation: New Crossover At Beach 105 Street On The Rockaway Line"
E6070312,"Mitigation: Long Term Flood Protection On The Rockaway Line"
E6070313,"Mitigation: Compressor Room Protection At Rockaway Park Yard"
E6070314,"Mitigation: Debris Shielding At Hammels Wye On The Rockaway Line"
E6070301,"Mitigation Reserve: Staten Island Railway, Various Locations"
E6080201,"Recovery: South Ferry Interlocking"
E6080202,"Recovery: Signal Restoration On The Rockaway Line"
E6080206,"Recovery: Signals In Under River Tubes - Design Only"
E6080207,"Recovery: Signals At 200 st To 207 st On The 8th Avenue Line"
E6080209,"Recovery: Signals (Greenpoint Tube)"
E6080210,"Recovery: Whitehall Street Interlocking On The Broadway Line - Design Only"
E6080211,"Recovery: Signals (Canarsie Tube)"
E6080212,"Recovery: Signals (Clark Tube)"
E6080213,"Recovery: Signals (Rutgers Tube)"
E6080214,"Recovery: Signals (Cranberry Tube)"
E6080215,"Recovery: Signals (53 Street Tube)"
E6080216,"Recovery: Signals (Montague Tube)"
E6080217,"Recovery: Signal Circuit Modifications (Montague Tube)"
E6080218,"Recovery: Install Programmable Logic Controller Signal Equipment On The Rockaway Line"
E6080219,"Recovery: Revenue Facility Microwave Communications System"
E6080220,"Recovery: Rockaway Park Interlocking - Design Only"
E6080223,"Recovery Reserve: South Ferry Signals And Communications Restoration"
E6080224,"Recovery Reserve: Rockaway Line Signals And Communications Restoration"
E6080225,"Recovery Reserve: Signals And Communications Restoration At Various Locations"
E6080226,"Recovery Reserve: Signals Restoration"
E6080228,"Recovery: Risk Reserve (South Ferry)"
E6080301,"Mitigation Reserve: System Improvements - Subway Service Flexibility, Phase 1"
E6080302,"Mitigation Reserve: System Improvements - Subway Service Flexibility, Phase 2"
E6090201,"Recovery Reserve: South Ferry Traction Power Restoration"
E6090202,"Recovery: Traction Power Restoration On The Rockaway Line"
E6090206,"Recovery: Traction Power Restoration At Various Locations - Design Only"
E6090207,"Recovery: 3 Circuit Breaker Houses (Montague Tube)"
E6090208,"Recovery: Power Cable, Communication Cable, Ducts And Rust Coating (Montague Tube)"
E6090209,"Recovery: 2 Substations (Montague Tube)"
E6090210,"Recovery: Power And Communication Cables (Greenpoint Tube)"
E6090211,"Recovery: 2 Circuit Breaker Houses (Canarsie Tube)"
E6090212,"Recovery: Power Cable, Communication Cable And Ducts (Canarsie Tube)"
E6090215,"Recovery: 6 Circuit Breaker Houses (Cranberry Tube) - Design Only"
E6090218,"Recovery: Substation (Joralemon Tube)"
E6090219,"Recovery: Power And Communication Cables (Rutgers Tube)"
E6090220,"Recovery: Power And Communication Cables (Cranberry Tube)"
E6090221,"Recovery: Power And Communication Cables (Joralemon Tube)"
E6090224,"Recovery: Power And Communication Cables (Clark Street Tube)"
E6090225,"Recovery: Power And Communication Cables (53 Street Tube)"
E6090226,"Recovery: 2 Circuit Breaker Houses (53 Street Tube)"
E6090227,"Recovery: 12 Circuit Breaker Houses - Design Only"
E6090232,"Recovery: Circuit Breaker House (Cranberry Tube)"
E6090233,"Recovery: Substation (Cranberry Tube)"
E6090234,"Recovery: Circuit Breaker House (Rutgers Tube)"
E6090235,"Recovery: 2 Circuit Breaker Houses (South Ferry)"
E6090236,"Recovery: 2 Circuit Breaker Houses (Westchester Yard)"
E6090237,"Recovery: 2 Circuit Breaker Houses (Westchester Yard And 239 st Yard)"
E6090238,"Recovery: Substation (53 Street Tube)"
E60902ZF,"Infrastructure / System Upgrades (Various Locations)"
E6090229,"Recovery Reserve: Rockaway Line Traction Power Restoration"
E6090230,"Recovery Reserve: Traction Power Restoration At Various Locations"
E6090231,"Recovery: Sandy Repair MTA Independent Integrity Monitor"
E6090240,"Recovery: Purchase Emergency Alarms For Under River Tubes"
E6090244,"Recovery: Traction Power Repairs At Various Locations"
E6090302,"Mitigation: Power Cables And Ducts In The Montague Tube"
E6090304,"Mitigation: Montague-Furman Substation On The Broadway Line"
E6090305,"Mitigation: Substation Hardening In Flood Prone Areas"
E6090306,"Mitigation: Substation Hardening At 9 Locations - Design Only"
E6090307,"Mitigation: Substation Hardening At 24 Locations"
E6090309,"Mitigation: Power Cable, Communication Cable And Ducts (Canarsie Tube)"
E6090310,"Mitigation: Back-Up Power Control Center"
E6090311,"Mitigation: Substation Hardening At 4 Locations - Design Only"
E6090312,"Mitigation: Site Improvements At 4 Locations"
E6090313,"Mitigation: Substation Hardening At West Broadway-Murray st Substation On The Broadway-7 Avenue Line"
E6090314,"Mitigation: Substation Hardening At Tudor Substation On The Flushing Line"
E6090301,"Mitigation Reserve: Power Cables And Ducts"
E6090308,"Mitigation Reserve: Deployable Substations"
E6090315,"Mitigation: Deployable Substations"
E6090303,"Sandy Mitigation Reserve"
E6100208,"Recovery: Signals At 3 Yards - Design Only"
E6100209,"Recovery: Power Cable At 148 Street Yard"
E6100210,"Recovery: Power Cable At 207 Street Yard"
E6100211,"Recovery: Power Cable At Coney Island Yard"
E6100212,"Recovery: Power Cable At Rockaway Park Yard"
E6100213,"Recovery: Rockaway Park Yard Assessment"
E6100214,"Recovery: Coney Island Yard Assessment"
E6100215,"Recovery: 148 Street Yard Assessment"
E6100216,"Recovery: 207 Street Yard Assessment"
E6100218,"Recovery: 207 Street Yard Signal System"
E6100219,"Recovery: Yard Track (207 Street Yard)"
E6100220,"Recovery: Yard Switches (207 Street Yard)"
E6100222,"Recovery: Culver Yard (Signals/Track)"
E6100225,"Recovery: Coney Island Yard Complex"
E6100217,"Recovery Reserve: Shops And Yards Facilities Restoration"
E6100301,"Mitigation Reserve: Coney Island Yard"
E6100302,"Mitigation Reserve: Rockaway Park And 207 Street Yards"
E6100304,"Mitigation: Rockaway Park Yard - Design Only"
E6100306,"Mitigation: Near Term Perimeter Protection At Coney Island Yard"
E6100307,"Mitigation: Long Term Perimeter Protection At Coney Island Yard"
E6100308,"Mitigation: Near-Term Flood Protection At 207th Street Yard"
E6100309,"Mitigation: Long Term Perimeter Protection At 148th Street Yard"
E6100310,"Mitigation: Long Term Perimeter Protection At 207th Street Yard"
E6100311,"Mitigation: 148th Street Yard Portal"
E6100312,"Mitigation: 207th Street Yard Portal"
E6100313,"Mitigation: 148 And 207 Street Yards - Design Only"
E6100314,"Mitigation: 207th Street Yard Sewers"
E6100315,"Mitigation: Protection Of Additional Yards"
E6120305,"Mitigation Reserve: Bus Rapid Transit - Staten Island North Shore: Right Of Way"
E6120307,"Mitigation: Various Bus Depots"
E6120308,"Mitigation: Roof Protection At Michael J Quill Depot (SBFP)"
E6120309,"Mitigation: Yukon Bus Depot (SBFP)"
E6120301,"Mitigation Reserve: Depots In Flood Zones, Phase 1"
E6120302,"Mitigation Reserve: Depots In Flood Zones, Phase 2"
E6120303,"Mitigation Reserve: Bus Rapid Transit - Bus Service Enhancements, Phase 1"
E6120304,"Mitigation Reserve: Bus Rapid Transit - Bus Service Enhancements, Phase 2"
E6120306,"Mitigation Reserve: Contingency Planning For Bus Transit Service"
E6160209,"East Side Access Impacts"
E6160211,"Recovery: Employee Facility At Whitehall Station"
E6160212,"Fulton Center Impacts"
E6160208,"Recovery: Miscellaneous Facilities"
E6160210,"Second Avenue Subway Phase 1 Impacts"
E6160214,"Recovery: Miscellaneous Support (Canarsie Tube)"
E6160215,"Recovery: Project Management (Canarsie Tube)"
E6160303,"Mitigation Reserve: Bus Rapid Transit - Staten Island North Shore: Bus Stations"
E6160304,"Mitigation Reserve: Bus Rapid Transit - Staten Island North Shore: Systems"
E6160305,"Mitigation Reserve: Bus Rapid Transit - Staten Island North Shore: Support Facilities"
E6160306,"Mitigation Reserve: Bus Rapid Transit - Staten Island North Shore: Real Estate"
E6160308,"Mitigation: Near-Term Flood Protection At Hammels Wye - Design Only"
E6160309,"Mitigation: Near-Term Flood Protection At Stillwell Avenue Terminal Facility (SBFP)"
E6160310,"Mitigation: Consolidated Revenue Facility"
E6160311,"Mitigation: Zerega Maintenance Facility"
E6160312,"Mitigation: Tiffany Central Warehouse"
E6160313,"Mitigation: Consolidated Revenue Facility (SBFP)"
E6160314,"Mitigation: Zerega Maintenance Facility (SBFP)"
E6160315,"Mitigation: Tiffany Central Warehouse (SBFP)"
E6160301,"Mitigation Reserve: Police And Other Facilities"
E6160302,"Mitigation Reserve: Administrative Facilities"
E6160307,"Mitigation: Analysis Of Best Flood Mitigation Approaches World Wide - Design Only"
E60303ZG,"Double Track Phase Ii / South Shore Resiliency"
E60303ZT,"Long Beach Branch Elevation Improvements"
E6030302,"Mitigation Reserve: Depots In Flood Zones - Phase 2"
E60303ZH,"Flood And Emergency Management Equipment Mitigation"
E60303ZR,"Gateway 11th Ave Extension"
E6030301,"Mitigation Reserve: Depots In Flood Zones - Phase 1"
E6030202,"Recovery Reserve: Restoration Surplus"
E6030201,"Recovery: Far Rockaway Depot"
E6010204,"Restoration Of Cross Bay Bridge North Abutment After Super Storm Sandy"
E6010206,"Restoration Of Marine Parkway Bridge After Super Storm Sandy"
E6010209,"Restoration Of Verrazano Narrows Bridge After Super Storm Sandy"
E6010210,"Restoration Of Robert F Kennedy Bridge After Super Storm Sandy"
E6010228,"Restoration Of Hugh Carey Tunnel After Super Storm Sandy"
E6010240,"Restoration Of Queens Midtown Tunnel After Super Storm Sandy"
E6010203,"Recovery Reserve: Rolling Stock Restoration"
E6010201,"Rolling Stock Restoration"
E6010301,"Hugh Carey Tunnel Mitigation - Perimeter Work"
E6010302,"Hugh Carey Tunnel Mitigation - Flood Gates And Other"
E6010303,"Queens Midtown Tunnel Mitigation - Perimeter Work"
E6010304,"Queens Midtown Tunnel Mitigation - Flood Gates And Other"
E6010305,"Marine Parkway Bridge Mitigation - Flood Wall & Other Resiliency Measures"
E6010306,"Cross Bay Bridge Mitigation - Flood Wall & Other Resiliency Measures"
E6010307,"Bronx Whitestone Bridge Mitigation - Flood Wall & Other Resiliency Measures"
E6010308,"Throgs Neck Bridge Mitigation - Flood Wall & Other Resiliency Measures"
E6010309,"Flood Mitigation At Robert F. Kennedy Bridge -Infiltration Protection"
E6010310,"Flood Mitigation At Robert Moses Building - Flood Wall & Other Resiliency Measures At Randall'S Island Facility"
E6010324,"Master Plan And Resiliency Needs For Marine Parkway And Cross Bay Bridges"
E6020202,"Restore Hugh Carey Tunnel Roadway After Super Storm Sandy"
E6020203,"Restore Queens Midtown Tunnel Roadway After Super Storm Sandy"
T6040406,"Passenger Station Local Area Network At 4 Stations"
T6040407,"Passenger Station Local Area Network At 8 Stations"
T6040408,"Passenger Station Local Area Network At 20 Stations"
T6040409,"Passenger Station Local Area Network At 2 Stations"
T6040410,"Passenger Station Local Area Network At 6 Stations"
T6040401,"Replacement Of Metrocard Electronic Components"
T6040402,"Purchase Of Automated Farecard Access (Afas) Gates."
T6040405,"New Fare Payment System - Omny"
T6040411,"Passenger Station Local Area Network At 188 Stations"
T6040701,"Replace 3 Escalators In Southern Manhattan"
T6040703,"Replace 2 Escalators At Roosevelt Av On The Queens Blvd Line"
T6040704,"Replace 11 Hydraulic Elevators"
T6040705,"Replace 7 Hydraulic Elevators"
T6040706,"Replace 2 Hydraulic Elevators At Grand Central Terminal"
T6040707,"Replace 2 Escalators And 2 Stairs At Grand Central Station - Design Only"
T6040708,"Replace 11 Hydraulic Elevators At Various Locations - Design Only"
T6040709,"Replace 12 Traction Elevators On The Broadway/7th Avenue Line - Design Only"
T6040710,"Replace 8 Traction Elevators At Various Locations - Design Only"
T6040711,"Replace 6 Traction Elevators On The 8th Avenue Line - Design Only"
T6040712,"Replace 1 Hydraulic Elevator At Grand Central Terminal"
T6041201,"Station Work At 4th Avenue Station On The Culver Line"
T6041206,"Station Work At Pelham Bay Park On The Pelham Line"
T6041207,"Renewal Of Buhre Avenue Station On The Pelham Line"
T6041208,"Renewal Of Middletown Rd. Station On The Pelham Line"
T6041209,"Renewal Of Zerega Avenue On The Pelham Line"
T6041210,"Renewal Of Castle Hill Avenue Station On The Pelham Line"
T6041211,"Improvements At The Dyckman Street Station On The Broadway/7th Avenue Line"
T6041212,"Rehabilitation Of Smith-9th Station On The Culver Line"
T6041213,"Rehabilitation Of 20 Avenue Station On The Sea Beach Line"
T6041214,"Rehabilitation Of 8 Avenue Station On The Sea Beach Line"
T6041215,"Rehabilitation Of Fort Hamilton Parkway Station On The Sea Beach Line"
T6041216,"Rehabilitation Of 18th Avenue Station On The Sea Beach Line"
T6041217,"Rehabilitation Of Kings Highway Station On The Sea Beach Line"
T6041218,"Rehabilitation Of New Utrecht Avenue Station On The Sea Beach Line"
T6041219,"Rehabilitation Of Bay Parkway Station On The Sea Beach Line"
T6041220,"Rehabilitation Of Avenue U Station On The Sea Beach Line"
T6041221,"Rehabilitation Of 86 st Station On The Sea Beach Line"
T6041222,"Ceiling Repair At 181 st And 168 st On The Broadway-7th Av Line"
T6041225,"Renewal Of Central Avenue Station On The Myrtle Line"
T6041226,"Renewal Of Seneca Avenue Station On The Myrtle Line"
T6041227,"Renewal Of Forest Avenue Station On The Myrtle Line"
T6041228,"Renewal Of Knickerbocker Avenue Station On The Myrtle Line"
T6041229,"Renewal Of Fresh Pond Avenue Station On The Myrtle Line"
T6041230,"Structural Repairs At Borough Hall Station On The Lexington Avenue Line"
T6041231,"Renewal Of 104 Street Station On The Liberty Line"
T6041232,"Renewal Of Ozone Park - Lefferts Blvd Station On The Liberty Line"
T6041233,"Renewal Of 111 Street Station On The Liberty Line"
T6041234,"Renewal Of Rockaway Blvd Station On The Liberty Line"
T6041235,"Renewal Of 88 Street Station On The Liberty Line"
T6041236,"Renewal Of 80 Street Station On The Liberty Line"
T6041237,"Renewal Of Hunters Point Avenue On The Flushing Line"
T6041238,"Renewal Of Avenue X Station On The Culver Line"
T6041239,"Renewal Of Avenue U Station On The Culver Line"
T6041240,"Renewal Of Avenue P Station On The Culver Line"
T6041241,"Renewal Of Bay Parkway Station On The Culver Line"
T6041242,"Renewal Of 18 Avenue Station On The Culver Line"
T6041243,"Renewal Of Ditmas Avenue Station On The Culver Line"
T6041244,"Renewal Of Avenue I Station On The Culver Line"
T6041245,"Renewal Of Pennsylvania Avenue Station On The New Lots Line"
T6041246,"Renewal Of Rockaway Avenue Station On The New Lots Line"
T6041247,"Renewal Of Saratoga Avenue Station On The New Lots Line"
T6041248,"Renewal Of Junius Street Station On The New Lots Line"
T6041249,"Renewal Of Sutter Avenue Station On The New Lots Line"
T6041250,"Renewal Of Van Siclen Avenue Station On The New Lots Line"
T6041251,"Replacement Of Platform Edges At 3 Stations On The Eastern Parkway Line"
T6041252,"Replacement Of 2 Stairs At Junius st Station On The New Lots Avenue Line (Sbmp)"
T6041253,"Replacement Of 2 Stairs At Van Siclen Ave Station On The New Lots Avenue Line (Sbmp)"
T6041254,"Replacement Of 2 Stairs At Pennsylvania Ave Station On The New Lots Avenue Line (Sbmp)"
T6041255,"Replacement Of 2 Stairs At Rockaway Avenue Station On The New Lots Line (Sbmp)"
T6041256,"Replacement Of 3 Stairs At Saratoga Avenue Station On The New Lots Line (Sbmp)"
T6041257,"Replacement Of 2 Stairs At New Lots Avenue Station On The New Lots Line (Sbmp)"
T6041258,"Replacement Of 3 Stairs At Sutter Avenue Station On The New Lots Avenue Line (Sbmp)"
T6041259,"Repair Of 2 Stairs (Nb) At Longwood Avenue On The Pelham Line (Sbmp)"
T6041260,"Component Repairs At 4 Stations On The Jamaica Line"
T6041261,"Design Of Component Repairs At 5 Stations On The Brighton Line And Repair Of Street Stair At 7th Avenue Station On The Brighton Line (Sbmp)"
T6041262,"Component Repairs At 2 Stations On The Concourse Line"
T6041263,"Component Repairs At 138 st - 3Rd Avenue Station On The Pelham Line (Sbmp)"
T6041264,"Component Repairs At 3 Stations On The Astoria Line - Design Only"
T6041265,"Repair Of 1 Stair At 5 Avenue Station On The Flushing Line"
T6041266,"Repair Of 2 Stairs (Sb) At Longwood Avenue On The Pelham Line (Sbmp)"
T6041267,"Component Repairs At 149 st - Grand Concourse On The Jerome Line"
T6041268,"Component Repairs At 149 st - Grand Concourse On The White Plains Road Line"
T6041269,"Component Repairs At 2 Stations On The Flushing Line - Design Only"
T6041270,"Component Repairs At Vernon Blvd-Jackson Avenue On The Flushing Line"
T6041271,"Station Painting At 207 st On The Broadway-7 Avenue Line"
T6041272,"Ventilator Repairs At 7 Locations On The Canarsie And 6 Avenue Line"
T6041273,"Component Repairs At Longwood Avenue Station On The Pelham Line"
T6041274,"Component Repairs At 157 Street Station On The Broadway-7th Avenue Line"
T6041275,"Component Repairs At 2 Stations On The 6th Avenue Line - Design Only"
T6041276,"Component Repairs At 2 Stations On The Eastern Parkway Line"
T6041277,"Component Repairs At 3 Stations On The Brighton Line"
T6041278,"Repair Of 2 Street Stairs At Junction Boulevard On The Flushing Line (Sbmp)"
T6041279,"Repair Of 2 Street Stairs At Junction Boulevard On The Flushing Line (Sbmp)"
T6041280,"Component Repairs At 103 Street Station On The Lexington Line"
T6041281,"Component Repairs At 2 Stations On The Culver Line"
T6041282,"Component Repairs At 49 Street Station On The Broadway Line"
T6041283,"Component Repairs At 2 Stations On The 4th Avenue Line"
T6041284,"Component Repairs At Delancey Street-Essex Street Station On The Nassau Loop Line"
T6041285,"Ventilator Repairs At 4 Locations On The Queens Boulevard Line"
T6041286,"Ventilator Repairs At 4 Locations In Brooklyn And Queens - Design Only"
T6041287,"Ventilator Repairs At Elmhurst Avenue Station On The Queens Blvd Line (Sbmp)"
T6041288,"Ventilator Repairs At Montrose Avenue Station On The Canarsie Line (Sbmp)"
T6041289,"Station Painting At 3 Stations On The Brighton Line"
T6041290,"Components Repairs At 5 Stations On The Fulton Line - Design Only"
T6041291,"Component Repairs At 3 Stations On The Lexington Line"
T6041292,"Component Repairs At New Lots Avenue Station On The New Lots Line"
T6041293,"Component Repairs At 2 Stations On The Queens Boulevard Line"
T6041294,"Component Repairs At 6 Stations On The Canarsie Line - Design Only"
T6041295,"Ventilator Repairs At 5 Locations In Upper Manhattan And The Bronx"
T6041296,"Component Repairs At President Street And Newkirk Avenue Stations On The Nostrand Avenue Line - Design Only"
T6041297,"Component Repairs At Broad Channel Station On The Rockaway Line"
T6041298,"Replacement Of 2 Street Stairs At Ditmars Boulevard On The Astoria Line (Sbmp)"
T6041299,"Replacement Of 2 Stairs At Ditmars Boulevard Station On The Astoria Line (Sbmp)"
T60412A1,"Replacement Of 2 Stairs At 39 Avenue Station On The Astoria Line (Sbmp)"
T60412A2,"Repair Of Street Stairs At Grand Street Station On The Canarsie Line (Sbmp)"
T60412A3,"Component Repairs At Morgan Avenue Station On The Canarsie Line (Sbmp)"
T60412A4,"Component Repairs At Eastchester-Dyre Avenue Station On The Dyre Avenue Line"
T60412A5,"Ventilator Repairs At 5 Locations In Queens, Manhattan And Brooklyn"
T60412A6,"Repair Of 2 Street Stairs At 23Rd Street Station On The 6th Avenue Line (Sbmp)"
T60412A7,"Repair Of 2 Street Stairs At 23Rd Street Station On The 6th Avenue Line (Sbmp)"
T60412A8,"Repair Of 2 Street Stairs At 7th Avenue Station On The 6th Avenue Line (Sbmp)"
T60412A9,"Repair Of 2 Street Stairs At 7th Avenue Station On The 6th Avenue Line (Sbmp)"
T60412B1,"Component Repairs At 3 Stations On The Crosstown Line - Design Only"
T60412B2,"Component Repairs At 21st Street Station On The Crosstown Line"
T60412B3,"Component Repairs At Greenpoint Avenue Station On The Crosstown Line"
T60412B4,"Station Painting At 21st st And Greenpoint Avenue Stations On The Crosstown Line"
T60412B5,"Station Painting At 2 Locations On The Crosstown Line - Design Only"
T60412B6,"Component Repairs At 3 Stations On The Broadway Line"
T60412B7,"Component Repairs At 2 Stations On The Broadway Line"
T60412B8,"Repair Of 2 Street Stairs At Franklin Avenue Station On The Eastern Parkway Line (Sbmp)"
T60412B9,"Repair Of 2 Street Stairs At Franklin Avenue Station On The Eastern Parkway Line (Sbmp)"
T60412C1,"Ventilator Repairs At Clinton-Washington Avenues Station On The Crosstown Line (Sbmp)"
T60412C2,"Component Repairs At Aqueduct-North Conduit Avenue On The Rockaway Line"
T60412C3,"Component Repairs At 2 Stations On The Canarsie Line"
T60412C4,"Component Repairs At 3 Stations On The 8th Avenue Line"
T60412C5,"Replacement Of 2 Street Stairs At Broadway On The Astoria Line (Sbmp)"
T60412C6,"Replacement Of 1 Street Stair At Broadway On The Astoria Line (Sbmp)"
T60412C7,"Repair Of 3 Street Stairs At Rector Street On The Broadway Line (Sbmp)"
T60412C8,"Repair Of 5 Street Stairs At Rector Street On The Broadway Line (Sbmp)"
T60412C9,"Repair Of 2 Street Stairs At Jay Street-Metro Tech On The Broadway Line (Sbmp)"
T60412D1,"Ventilator Repairs At Elmhurst Avenue On The Queens Boulevard Line (Sbmp)"
T60412D2,"Ventilator Repairs At Grand Street On The Canarsie Line (Sbmp)"
T60412D3,"Ventilator Repairs At Clinton-Washington Avenues On The Crosstown Line (Sbmp)"
T60412D4,"Repair Of 1 Interior Stair At 49th Street On The Broadway Line (Sbmp)"
T60412D5,"Repair Of 2 Street Stairs At 9th Street On The 4th Avenue Line (Sbmp)"
T60412D6,"Repair Of 3 Street Stairs At Clinton-Washington Avenues On The Fulton Street Line (Sbmp)"
T60412D7,"Repair Of 3 Street Stairs At Clinton-Washington Avenues On The Fulton Street Line (Sbmp)"
T60412D8,"Repair Of 3 Street Stairs At Rockaway Avenue On The Fulton Street Line (Sbmp)"
T60412D9,"Repair Of 3 Street Stairs At Rockaway Avenue On The Fulton Street Line (Sbmp)"
T60412E1,"Component Repairs At 3 Stations On The Fulton Street Line"
T60412E2,"Component Repairs At High Street On The 8th Avenue Line And York Street On The 6th Avenue Line"
T60412E3,"Component Repairs At Van Cortland Park-242 Street On The Broadway-7th Avenue Line"
T60412E4,"Station Painting At Van Cortlandt Park-242 Street On The Broadway-7th Avenue Line"
T60412E5,"Renewal Of Astoria-Ditmars Blvd Station On The Astoria Line - Design Only"
T60412E6,"Renewal Of 30 Avenue Station On The Astoria Line - Design Only"
T60412E7,"Renewal Of Broadway Station On The Astoria Line - Design Only"
T60412E8,"Renewal Of 36 Avenue Station On The Astoria Line - Design Only"
T60412E9,"Renewal Of 39 Avenue Station On The Astoria Line - Design Only"
T60412F1,"Renewal Of Astoria Blvd Station On The Astoria Line - Design Only"
T60412F2,"Ventilator Repairs At 8 Locations In Lower Manhattan"
T60412F3,"Reserve: Sandy Repair South Ferry Leak Remediation"
T60412F4,"Reconstruction Of Hard Rail Track Panels At 9 Stations On The Sea Beach Line"
T60412F5,"Renewal Of 138 st - Grand Concourse Station On The Jerome Line - Design Only"
T60412F6,"Repair Of 4 Street Stairs At Avenue N Station On The Culver Line (Sbmp)"
T60412F7,"Station Painting At 3 Stations On The Jamaica Line"
T60412F8,"Repair Of Platform Components At 50th st Lower Level On The 8th Avenue Line"
T60412F9,"Repair Of 4 Street Stairs At Kings Highway Station On The Culver Line (Sbmp)"
T60412G1,"Repair Of 2 Street Stairs At 23Rd Street Station On The Eighth Avenue Line (Sbmp)"
T60412G2,"Repair Of 2 Street Stairs At 23Rd Street Station On The Eighth Avenue Line (Sbmp)"
T60412G3,"Repair Of 2 Street Stairs At 23Rd Street Station On The Eighth Avenue Line (Sbmp)"
T60412G4,"Water Remediation - Renewal At Borough Hall Station On The Lexington Avenue Line - Design Only"
T60412G5,"Ventilator Repairs At 3 Locations In Southeast Brooklyn"
T60412G6,"Station Painting At 50th Street On The 8th Avenue Line (Lower Level)"
T60412G7,"Component Repairs At 4 Stations On The 4th Avenue Line - Design Only"
T60412G8,"Repair Of Street Stairs At Various Locations - Design Only"
T60412G9,"Ventilator Repairs At 4 Locations In North Brooklyn"
T60412H1,"Repair Of 2 Street Stairs At 23Rd Street Station On The Eighth Avenue Line (Sbmp)"
T60412H2,"Repair Of 3 Street Stairs At 23Rd Street Station On The Eighth Avenue Line (Sbmp)"
T60412H3,"Repair Of 1 Street Stair At 168th Street Station On The Eighth Avenue Line (Sbmp)"
T60412H4,"Repair Of 1 Street Stair At 168th Street Station On The Eighth Avenue Line (Sbmp)"
T60412H5,"Repair Of 2 Street Stairs At 168th Street Station On The Eighth Avenue Line (Sbmp)"
T60412H6,"New Street Stairs At Bedford Avenue On The Canarsie Line - Design Only"
T60412H7,"Ventilator Repairs At 2 Locations In Southwest Brooklyn"
T60412H8,"Reconstruction Of Times Square Shuttle - Phase 3 - Design Only"
T60412H9,"Station Painting At 49th Street On The Broadway Line"
T60412I1,"Platform Component Repairs At 2 Locations On The Jerome Line - Design Only"
T60412I2,"Platform Edges At 167 Street On The Grand Concourse Line - Design Only"
T60412I4,"Replacement Of Street Stairs At 2 Locations On The Broadway-7th Avenue Line (Sbmp) - Design Only"
T60412I5,"Component Repairs At Pelham Parkway On The Dyre Line - Design Only"
T60412I9,"Station Painting At Wilson Avenue On The Canarsie Line"
T60412J1,"Street Stairs At Rector Street On The Broadway Line Wrap-Up (Sbmp)"
T60412J2,"Asbestos Abatement And Painting At Pelham Bay Park On The Pelham Line"
T6041202,"Reserve: Station Renewal Work"
T6041223,"Repair Of Street Stair At Times Square On The Times Square Shuttle"
T6041224,"Reserve: Station Painting At Component Locations"
T60412I3,"Water Condition Remedy - 2015"
T60412I8,"Repair Of Platform Components At 7 Locations On The Canarsie Line - Design Only"
T60412J3,"Sandy Mitigation: Substation Hardening At 24 Locations"
T6041301,"ADA Accessibility At Forest Hills-71 Av Station On The Queens Blvd Line"
T6041302,"Improve Platform Edges At 34 st Station On The Broadway Line"
T6041303,"Improve Platform Edges At 34 st Station On The 6th Av Line"
T6041304,"Improve Horizontal And Vertical Platform Clearance At Various Locations"
T6041306,"ADA Accessibility At Kingsbridge Rd Station On The Concourse Line"
T6041307,"ADA Accessibility At 68 St-Hunter College Station On The Lexington Av Line"
T6041308,"ADA Accessibility At Utica Ave Station On The Fulton Line"
T6041309,"ADA Accessibility At Hunts Point Ave Station On The Pelham Line"
T6041310,"ADA Accessibility At 23 st Station On The Lexington Ave Line"
T6041311,"ADA Accessibility At 57 st Station On The Broadway Line - Phase 2"
T6041312,"ADA Accessibility At Ozone Park-Lefferts Blvd Station On The Liberty Line"
T6041313,"ADA Accessibility At Dyckman Street Station On The Broadway-7th Avenue Line"
T6041314,"ADA Accessibility At Astoria Boulevard Station On The Astoria Line - Design Only"
T6041315,"ADA Accessibility At Gun Hill Road Station On The Dyre Avenue Line - Design Only"
T6041316,"ADA Accessibility At Bedford Park Blvd Station On The Concourse Line - Design Only"
T6041317,"ADA Accessibility At New Utrecht Avenue Station On The Sea Beach Line And 62 st Station On The West End Line"
T6041318,"ADA Accessibility At 8th Avenue Station On The Sea Beach Line"
T6041319,"ADA Accessibility At Bedford Avenue Station On The Canarsie Line - Design Only"
T6041320,"ADA Accessibility At 1st Avenue Station On The Canarsie Line - Design Only"
T6041321,"ADA Accessibility At Times Square Shuttle - Phase 3 - Design Only"
T6041322,"ADA Accessibility At 86th Street On The 4th Av Line - Design Only"
T6041323,"ADA Accessibility At 8th Avenue Station On The Sea Beach Line (Southbound)"
T6041404,"Installation Of ScruBBer Room Drainage 4 Locations"
T6041405,"Access Improvements At Grand Central Station"
T6041406,"Additional Stair At Times Square Station North End"
T6041409,"Church Street Corridor Improvements"
T6041410,"Platform Replacement At 45 Rd-Court House Square On The Flushing Line"
T6041411,"Access Improvements At Grand Central Station"
T6041412,"Reconstruct Cortlandt Street Station - Broadway-7th Avenue Line"
T6041401,"Station Signage 2011"
T6041402,"Station Railings"
T6041403,"Water Condition Remedy"
T6041407,"Station Signage"
T6041408,"Station Condition Survey Update"
T6041413,"Station Signage At Various Locations - Design Only"
T6041414,"Water Condition Remedy - 2015 - Design Only"
T6041415,"Station Entrance Railings And Fixtures - Design Only"
T6050252,"2012 Mainline Track Replacement On The Queens Boulevard Line"
T6050201,"2010 Mainline Track Replacement"
T6050202,"2010 Track Force Account"
T6050203,"2010 Welded Rail Installation"
T6050204,"2011 Mainline Track Replacement"
T6050205,"2011 Track Force Account"
T6050206,"2011 Welded Rail Installation"
T6050207,"2012 Mainline Track Replacement: Design And Support Costs"
T6050208,"2012 Track Force Account"
T6050209,"2012 Welded Rail Installation"
T6050210,"2013 Mainline Track Replacement: Design And Support Costs"
T6050211,"2013 Track Force Account"
T6050212,"2013 Welded Rail Installation"
T6050213,"2014 Mainline Track Replacement: Design And Support Costs"
T6050214,"2014 Track Force Account"
T6050215,"2015 Mainline Track Replacement - Design Only"
T6050216,"2014 Welded Rail Installation"
T6050217,"2011 Mainline Track Replacement On The Jamaica Line"
T6050218,"2011 Mainline Track Replacement On The Crosstown Line"
T6050219,"2011 Mainline Track Replacement On The 8 Avenue Line"
T6050220,"2011 Mainline Track Replacement On The 6 Avenue Line"
T6050221,"2011 Mainline Track Replacement On The Dyre Avenue Line"
T6050222,"2011 Mainline Track Replacement On The Lexington Avenue Line"
T6050223,"2011 Mainline Track Replacement In The Clark st Tube"
T6050224,"2012 Mainline Track Replacement On The Broadway Line"
T6050225,"2012 Mainline Track Replacement On The Brighton Line"
T6050226,"2012 Mainline Track Replacement At N/O Dekalb On The Brighton Line"
T6050227,"2012 Mainline Track Replacement At Atlantic Avenue On The Brighton Line"
T6050228,"2012 Mainline Track Replacement At S/O Court Street On The Broadway Line"
T6050229,"2012 Mainline Track Replacement On The West End Line"
T6050230,"2012 Mainline Track Replacement On The Sea Beach Line"
T6050231,"2012 Mainline Track Replacement On The 4 Avenue Line"
T6050232,"2012 Mainline Track Replacement On The Jamaica Line"
T6050233,"2012 Mainline Track Replacement On The Myrtle Line"
T6050234,"2012 Mainline Track Replacement On The 8 Avenue Line"
T6050235,"2012 Mainline Track Replacement On The 8 Avenue Line"
T6050236,"2012 Mainline Track Replacement On The 6 Avenue Line"
T6050237,"2012 Mainline Track Replacement On The Concourse Line"
T6050238,"2012 Mainline Track Replacement On The Queens Blvd Line"
T6050239,"2012 Mainline Track Replacement On The Canarsie Line"
T6050240,"2012 Mainline Track Replacement On The Rockaway Line"
T6050241,"2012 Mainline Track Replacement On The Broadway / 7Av Line"
T6050242,"2012 Mainline Track Replacement On The Flushing Line"
T6050243,"2012 Mainline Track Replacement On The Eastern Parkway Line"
T6050244,"2012 Mainline Track Replacement On The White Plains Road Line"
T6050245,"2012 Mainline Track Replacement On The Jerome Line"
T6050246,"2012 Mainline Track Replacement On The Pelham Line"
T6050247,"2012 Mainline Track Replacement On The Lexington Avenue Line"
T6050248,"2012 Mainline Track Replacement On The White Plains Road Line"
T6050249,"2012 Mainline Track Replacement On The Broadway Line"
T6050250,"2012 Mainline Track Replacement On The Brighton Line"
T6050251,"2012 Mainline Track Replacement On The Canarsie Line"
T6050253,"2012 Mainline Track Replacement On The Rockaway"
T6050254,"2012 Welded Rail Installation On The 6th Avenue Line"
T6050255,"2013 Mainline Track Replacement On The 6th Avenue Line"
T6050256,"2013 Mainline Track Replacement On The Broadway-7th Avenue Line"
T6050257,"2013 Mainline Track Replacement On The Lexington Line"
T6050258,"2013 Mainline Track Replacement On The 8th Avenue Line"
T6050259,"2013 Mainline Track Replacement On The 8th Avenue Line"
T6050260,"2013 Mainline Track Replacement On The Broadway Line"
T6050261,"2013 Mainline Track Replacement On The Sea Beach Line"
T6050262,"2013 Mainline Track Replacement On The Jamaica Line"
T6050263,"2013 Mainline Track Replacement On The 8th Avenue Line"
T6050264,"2013 Mainline Track Replacement On The Queens Boulevard Line"
T6050265,"2013 Mainline Track Replacement On The Crosstown Line"
T6050266,"2013 Mainline Track Replacement On The Lenox-White Plains Road Line"
T6050267,"2013 Mainline Track Replacement At Brighton Beach Station On The Brighton Line"
T6050268,"2013 Mainline Track Replacement On The 4th Avenue Line"
T6050269,"2013 Mainline Track Replacement On The Canarsie Line"
T6050270,"2013 Mainline Track Replacement On The Concourse Line"
T6050271,"2013 Mainline Track Replacement Archer Avenue Line"
T6050272,"2013 Mainline Track Replacement On The Liberty Avenue Line"
T6050273,"2013 Mainline Track Replacement On The Jerome Line"
T6050274,"2013 Mainline Track Replacement On The Pelham Line"
T6050275,"2013 Mainline Track Replacement On The 7th Avenue Line"
T6050276,"2013 Mainline Track Replacement On The White Plains Road Line"
T6050277,"2013 Mainline Track Replacement On The Queens Boulevard Line"
T6050278,"2013 Mainline Track Replacement On The 8th Avenue Line"
T6050279,"2013 Mainline Track Replacement On The 8th Avenue Line"
T6050280,"2013 Mainline Track Replacement On The Flushing Line"
T6050281,"2013 Mainline Track Replacement In The Greenpoint Tube"
T6050282,"Integrated Wheel And Rail Monitoring And Analytics"
T6050283,"2014 Mainline Track Replacement On The 4 Avenue Line"
T6050284,"2014 Mainline Track Replacement On The 8 Avenue Line"
T6050285,"2014 Mainline Track Replacement On The Concourse Line"
T6050286,"2014 Mainline Track Replacement On The Queens Boulevard Line"
T6050287,"2014 Mainline Track Replacement On The White Plains Road Line"
T6050288,"2014 Mainline Track Replacement On The Eastern Parkway Line"
T6050289,"2014 Mainline Track Replacement On The Jerome Line"
T6050290,"2014 Mainline Track Replacement On The Lexington Avenue And 42 Street Shuttle Lines"
T6050291,"2014 Mainline Track Replacement On The Pelham Line"
T6050292,"2014 Mainline Track Replacement On The 7 Avenue Line"
T6050293,"2014 Mainline Track Replacement On The Brighton Line"
T6050294,"2014 Mainline Track Replacement On The Flushing Line"
T6050298,"2015 Mainline Track Replacement On The Queens Boulevard Line"
T6050299,"2015 Mainline Track Replacement On The 8th Avenue Line"
T60502A2,"2015 Welded Rail Installation On The Queens Boulevard Line"
T60502A4,"2015 Mainline Track Replacement On The Flushing Line"
T60502A6,"2015 Mainline Track Replacement On The Broadway 7th Avenue Line"
T60502A7,"2015 Mainline Track Replacement On The Lexington Avenue Line"
T60502A8,"2015 Mainline Track Replacement On The Jerome Line"
T60502A9,"2015 Mainline Track Replacement On The Dyre Avenue Line"
T6050301,"2010 Mainline Switch Replacement"
T6050302,"2011 Mainline Switch Replacement"
T6050303,"2012 Mainline Switch Replacement: Design And Support Costs"
T6050304,"2013 Mainline Switch Replacement: Design And Support Costs"
T6050305,"2014 Mainline Switch Replacement: Design And Support Costs"
T6050306,"2015 Mainline Switch Replacement - Design Only"
T6050307,"2011 Mainline Switch Replacement On The Jamaica Line"
T6050308,"2011 Mainline Switch Replacement On The Broadway Line"
T6050309,"2012 Mainline Switch Replacement On The West End Line"
T6050310,"2012 Mainline Switch Replacement On The Queens Blvd Line"
T6050311,"2012 Mainline Switch Replacement On The Broadway / 7 Av Line"
T6050312,"2012 Mainline Switch Replacement On The Eastern Parkway Line"
T6050313,"2012 Mainline Switch Replacement On The Lexington Avenue Line"
T6050314,"2012 Mainline Switch Replacement On The White Plains Road Line"
T6050315,"2012 Mainline Switch Replacement On The Eastern Parkway Line"
T6050316,"2012 Mainline Switch Replacement On The Eastern Parkway Line"
T6050317,"2013 Mainline Switch Replacement On The Queens Boulevard Line"
T6050318,"2013 Mainline Switch Replacement On The Jamaica Line"
T6050319,"2013 Mainline Switch Replacement On The 8th Avenue Line"
T6050320,"2013 Mainline Switch Replacement On The Brighton Line"
T6050321,"2014 Mainline Switch Replacement On The Eastern Parkway Line"
T6050322,"2014 Mainline Switch Replacement On The White Plains Road Line"
T6050323,"2014 Mainline Switch Replacement On The Queens Boulevard Line"
T6050324,"2015 Mainline Switch Replacement On The 6th Avenue Line"
T6050325,"2015 Mainline Switch Replacement: Support Costs"
T6050326,"2015 Mainline Switch Replacement On The Broadway-7th Avenue Line"
T6050327,"2015 Mainline Track Replacement: Support Costs"
T6050328,"2015 Mainline Track Replacement On The Canarsie Line"
T6060201,"Replace Tunnel Lighting From The 11 st Portal- Queens Plaza On 60th Street Connection"
T6060202,"Replace Tunnel Lighting From 4 Av-Church Ave On The Culver Line"
T6060203,"Replace Tunnel Lighting From Roosevelt Av-36 st On The Queens Blvd Line"
T6060204,"Tunnel Lighting Replacement For 2nd Avenue-63Rd Street Connection"
T6060302,"Study For New Vent Plant South Of Grand Central On The Lexington Av Line"
T6060303,"New Vent Plant At Mulry Square On The 8th Av Line"
T6060304,"New Vent Plant At 46 st On The Queens Blvd Line"
T6060305,"Replace Ventilation Controls At 22 Locations"
T6060306,"Replace Fan Plant Motor Control System At 10 Locations - Design Only"
T6060307,"Replace Supervisory Ventilation Controls At Various Locations - Design Only"
T6060401,"Rehabilitation Of Deep Wells On The Nostrand Ave Line - Design Only"
T6060402,"Rehabilitation Of Deep Wells On The Crosstown Line"
T6060403,"Rehab Of Pumps At 4 Locations On The Pelham, Jerome, And Lenox Lines"
T6060404,"Rehab Of Pumps At 2 Locations In Manhattan"
T6060405,"Rehab Of Pumps At 2 Locations In The Steinway Tube"
T6070301,"Structural Rehabilitation / Flood Wall At The 148 st Yard"
T6070303,"Rehabilitation Of The Culver Viaduct (Underside) - Phase 3"
T6070304,"Viaduct Repair On The Far Rockaway And Rockaway Lines"
T6070305,"Structure Repair From Cypress Hills-130 st On The Jamaica Line"
T6070307,"Overcoat Painting Of Steel Bridges On The Rockaway Line"
T6070308,"Overcoat Painting Of 15 Bridges On The Brighton Line"
T6070309,"Overcoat Painting From Portal-E 180 st On The White Plains Road Line"
T6070311,"Flood Mitigation At 6 Locations In Manhattan"
T6070312,"Rehabilitation Of Retaining Wall On The Sea Beach Line"
T6070313,"Structure Repairs On The Dyre Ave Line"
T6070314,"Overcoat Painting From Broadway Junction-Cypress Hills On The Jamaica Line"
T6070315,"Overcoat Painting From Dyckman St-215 st On The Broadway-7th Av Line"
T6070316,"Priority Structure Repairs On The 4th Av Line"
T6070317,"Overcoat Painting From Church Ave Portal-W 8 st On The Culver Line - Design Only"
T6070318,"Overcoat Painting From Cypress Hills-130 st On The Jamaica Line"
T6070319,"Overcoat Painting From Broadway Junction-New Lots Ave On The Canarsie Line"
T6070320,"Stabilization Of Trackway On The Franklin Ave Shuttle"
T6070321,"Steinway Tube Rehabilitation"
T6070322,"Portal Repairs On The Broadway-7 Avenue Line"
T6070323,"Structural Repairs At Delancey Street On The Nassau Loop Line - Design Only"
T6070324,"Structural Repairs At 9 Avenue Station On The West End Line"
T6070325,"Structural Repairs At Delancey Street Between Norfolk And Suffolk On The Nassau Loop Line (Sbmp)"
T6070326,"Structural Repairs At Delancey Street Between Essex And Norfolk On The Nassau Loop Line (Sbmp)"
T6070327,"Overcoat Painting From Church Ave Portal-Kings Highway On The Culver Line"
T6070328,"Overcoat Painting From Kings Highway-West 8th Street On The Culver Line"
T6070329,"Repair Of Vent Chamber At Southern Boulevard And 147th Street On The Pelham Line"
T6070330,"Structure Repairs From Boston Road-North Of East 180 st On The White Plains Road Line - Design Only"
T6070331,"Overcoat Painting From 157 st Portal-162 st On The Jerome Line - Design Only"
T6070332,"Bridge Work And Overcoat Painting At Dyre Ave Station On The Dyre Avenue Line"
T6070333,"Overcoat Painting At Williamsburg Bridge And Myrtle Avenue On The Jamaica Line In Brooklyn - Design Only"
T6070334,"Overcoat Painting And Steel Repair At 17 Bridges On The Dyre Avenue Line And Flyover At East 180th Street Yard - Design Only"
T6070335,"Overcoat Painting And Steel Repair From 72 st To 103 st On The Flushing Line - Design Only"
T6070336,"Structure Repair Of Viaduct And Deck Sections On The Myrtle Line - Design Only"
T6070337,"Overcoat Painting And Steel Repair At The End Of The Myrtle Line - Design Only"
T6070340,"Replace Bridge Over Atlantic Avenue On The Myrtle Line - Design Only"
T6070341,"Structure Repairs On The Concourse Line In The Bronx - Design Only"
T6070342,"Water Condition Remedy For 2nd Avenue-63Rd Street Connection"
T6070302,"Rehabilitate Emergency Exits At 125 Locations"
T6070306,"Demolish Abandoned Structures"
T6070338,"Structure Repairs In Downtown Manhattan - Design Only"
T6070339,"Structure Repairs In Uptown Manhattan On The Broadway 7th Av And 8th Av Lines - Design Only"
T6070343,"Sandy Mitigation: Steinway Portal"
T6080302,"Replace Signal Messenger Brackets On The Brighton Line"
T6080303,"Modernize Signal Interlocking At Church Avenue On The Culver Line"
T6080304,"Replace Solid State Signal Equipment At 13 Locations"
T6080306,"Support / Removals For Communications-Based Train Control On The Flushing Line"
T6080307,"Install Station Time Signal Enhancements On The Lexington Avenue Line - Phase 2"
T6080310,"Modernize Signal Interlockings At 71st Avenue And Union Turnpike On The Queens Boulevard Line"
T6080311,"Install Communications-Based Train Control Signals Test Track On The Culver Line - Phase 2"
T6080313,"Modernize Signals And Interlockings On The Dyre Avenue Line"
T6080314,"Modernize Signal Interlocking At Roosevelt Avenue On The Queens Boulevard Line"
T6080315,"Modernize Signal Interlocking At 34th Street On The 6th Avenue Line"
T6080316,"Modernize Signal Interlocking At West 4th Street On The 6th Avenue Line"
T6080319,"Install Communication-Based Train Control On The Queens Boulevard Line West - Phase 1"
T6080321,"Modernize Signal Interlocking At Jay Street On The 6th Avenue Line - Design Only"
T6080322,"Rehabilitation Of Ducts And Cables, Steinway Tube"
T6080327,"Modernize Signal Interlockings At 4 Locations On The 6th Avenue Line - Design Only"
T6080328,"Modernize Signal Interlocking At Kings Highway On The Culver Line - Design Only"
T6080335,"Signal Fire Room Suppression, Phase 2 - Design Only"
T6080336,"Cathodic Protection (Steinway Tube)"
T6080301,"Modification Of Signal Control Lines - Phase 4"
T6080305,"Convert R-142 Railcars For Communications-Based Train Control On The Flushing Line"
T6080308,"Replace Stop Cables For Signals - Phase 4"
T6080312,"Modifications To Signal Control Lines - Phase 5"
T6080318,"Modification Of Signal Key-By Circuits - Phase 3"
T6080324,"Communications-Based Train Control: Equipment Supplier Interoperability"
T6080325,"Replacement Of Automatic Train Supervision A-Division And Communications-Based Train Control Status Boards At The Rail Control Center"
T6080326,"Automated Train Supervision: Hardware And Software Upgrade"
T6080329,"Ac To Dc Line Relay Conversions On The Fulton Line"
T6080333,"Ac To Dc Line Relay Conversion On The Fulton Line"
T6080334,"Modifications To Signal Control Lines - Phase 6"
T6080337,"Walkway For 8 Bridges On The Dyre Line"
T6080338,"Sandy Mitigation: Rockaway Line Resiliency"
T6080604,"Public Address/Customer Info Screen Systems"
T6080609,"Upgrade Heating, Ventilation And Air Conditioning (Hvac) Systems In Communication Rooms - Phase 2 (Sbmp)"
T6080610,"Private Branch Exchange (Pbx) System Upgrades - Design Only"
T6080619,"Waterproofing Of Communication Rooms"
T6080620,"Upgrade Ventilation Systems In 19 Communication Rooms"
T6080621,"Passenger Station Local Area Network At 30 Stations"
T6080622,"Help Point At 93 Stations"
T6080623,"Passenger Station Local Area Network At 68 Stations"
T6080624,"Waterproofing Of Communication Rooms At 5 Locations (Sbmp)"
T6080625,"Waterproofing Of Communication Rooms At 2 Locations"
T6080631,"Integrated Service Information & Management B-Division, Module 2"
T6080633,"Help Point At 121 Street Station And Cypress Hills Station On The Jamaica Line"
T6080634,"Help Point At Knickerbocker Ave Station On The Myrtle Ave Line And Sutter Ave Station On The Canarsie Line"
T6080640,"Passenger Station Local Area Network At 3 Stations On The Crosstown Line"
T6080643,"Platform Screen Doors Pilot - Design Only"
T6080644,"Help Point At Junius Street Station On The New Lots Avenue Line And Kingsbridge Road Station On The Jerome Line (Sbmp)"
T6080645,"Help Point At Livonia Avenue And New Lots Avenue Stations On The Canarsie Line (Sbmp)"
T6080648,"Upgrade Of Copper Cable At Livingston Plaza"
T6080649,"Help Point At 64 Stations"
T6080650,"Help Point At 16 Stations"
T6080651,"Help Point At 90Th, 103Rd, And 111th Street Stations On The Flushing Line (Sbmp)"
T6080655,"Help Point At Woodhaven Boulevard Station On The Queens Boulevard Line"
T6080657,"Antenna Cable Replacement For 2nd Avenue-63Rd Street Connection"
T6080661,"Integrated System Information And Management - B Division (Isim-B), Module 3A: Rail Control Center (Rcc) Buildout"
T6080662,"Upgrade Access Nodes At 60 Stations"
T6080601,"Replacement Of Fiber Optic Cable - Phase 1"
T6080602,"Application Cutover To Sonet/Atm Fiber Optic Network - Phase 1"
T6080603,"Police Radio Time Domain Interference And Enhancement"
T6080605,"Upgrade/Expansion Of Communication Rooms - Phase 1"
T6080606,"Replacement Of Subway Radio Portable Units"
T6080607,"Upgrade/Replacement Of Copper Communications Cable - Phase 2"
T6080608,"Upgrade/Replacement Of Vhf Subway Radio System"
T6080613,"Upgrade/Replacement Of Antenna Cable - Design Only"
T6080615,"Upgrade/Replacement Of Copper Communications Cable - Phase 3"
T6080616,"Upgrade Heating, Ventilation And Air Conditioning (Hvac) Systems In Communication Rooms - Phase 3"
T6080617,"Integrated Service Information & Management B-Division (Isim-B)"
T6080618,"Replacement Of Copper Communications Cable"
T6080626,"Integrated Service Information & Management B-Division, Module 1"
T6080627,"Track Intrusion Detection System Pilot"
T6080628,"Integrated Service Information & Management B-Division, Module 1, Group 1"
T6080629,"Integrated Service Information & Management B-Division, Module 1, Group 2"
T6080630,"Integrated Service Information & Management B-Division, Module 1, Group 3"
T6080632,"Install Help Point Systems At 61 Stations"
T6080639,"Replacement Of Copper Communications Cable, Phase 4 - Design Only"
T6080641,"Integrated Service Information & Management B-Division, Module 3"
T6080646,"Replace Uhf T-Band Radio System - Design Only"
T6080647,"Upgrade Of Sonet/Atm Equipment"
T6080652,"Upgrade Of Asynchronous Fiber Optic Network To Sonet - Design Only"
T6080653,"Help Point: Purchase Of 300 Access Node Units"
T6080654,"Liftnet Transition To Ethernet - Design Only"
T6080656,"Replace Server Hardware At The Rail Control Center And The Backup Control Center"
T6080658,"Police Radio System: Enhanced Coverage - Design Only"
T6080659,"B-Division Beacon Train Arrival System"
T6080660,"Integrated Service Information & Management B-Division, Module 5A"
T6090201,"Rehabilitate 5 Substation Enclosures"
T6090202,"Modernize 10th Street Substation On The Culver Line"
T6090204,"Cabling Central Substation - 6th Avenue Line"
T6090205,"Rehabilitate Substation Roofs/Enclosures - Design Only"
T6090207,"Rehabilitate Roof/Enclosure Of Concourse-East 144 Street Substation On The Jerome Line (Sbmp)"
T6090208,"Rehabilitate Roof/Enclosure Of Jerome-Kingsbridge Substation On The Jerome Line (Sbmp)"
T6090209,"Rehabilitate Roof/Enclosure Of East 180 Street-Morris Park Substation On The White Plains Road Line (Sbmp)"
T6090210,"Repair/Replace Underground Substation Hatchways At 5 Locations (SBFP)"
T6090211,"Rehabilitate Roof/Enclosure Of 2 Substations"
T6090212,"Three New Substations On The Canarsie Line - Design Only"
T6090213,"Rehabilitate Roof/Enclosure At Jerome-East 162nd Street Substation On The Jerome Line - Design Only"
T6090214,"Rehabilitate Roof/Enclosure At Gates Avenue Substation On The Canarsie Line (SBFP) - Design Only"
T6090215,"Rehabilitate Roof/Enclosure At Stanton Street Substation On The 6th Avenue Line (SBFP) - Design Only"
T6090216,"Replace 25 Hz Frequency Converters At 10 Substations - Design Only"
T6090217,"Reconstruct 6 Negative Manholes - Central Substation"
T6090218,"Montague-Furman Substation: Low Tension Switchgear"
T6090203,"Repair/Replace Underground Substation Hatchways - Phase 2"
T6090206,"Repair/Replace Underground Substation Hatchways - Phase 3"
T6090219,"Sandy Mitigation: Substation Hardening At 24 Locations"
T6090401,"Repair Power System Duct Bank From 141st Street To 148th Street On The Lenox Avenue Line"
T6090402,"Rehab Circuit Breaker Houses #292/#293 On The Nostrand Ave Line"
T6090404,"Rehab Circuit Breaker Houses #74/74A On The Jamaica Line"
T6090405,"Rehab Circuit Breaker House #403 On The Flushing Line"
T6090406,"Rehab Circuit Breaker House #146 On The Brighton Line"
T6090408,"Replace Power System Negative Cables On 4th Avenue Line, Phase 2"
T6090409,"Rehab Pearl Street Circuit Breaker House On The Clark st Line"
T6090412,"Installation Of Positive And Control Power Cables From 141 Street To 147 Street On The Lenox Avenue Line"
T6090413,"Reconstruction Of Ducts At Stanton st Substation - Design Only"
T6090414,"Rehab Circuit Breaker House #85 On The Canarsie Line - Design Only"
T6090415,"Rehab Circuit Breaker House #86 On The Canarsie Line - Design Only"
T6090416,"Rehab Circuit Breaker House #210 On The White Plains Road Line - Design Only"
T6090403,"Replace Emergency Telephones - Pilot"
T6090407,"Replace Emergency Alarms Phase 1"
T6090410,"Replacement Of Power Cables And Ducts"
T6090417,"Sandy Mitigation: Substation Hardening At 24 Locations"
T6100401,"Rehab 207 st Overhaul Shop Air-Conditioning Shop"
T6100402,"Upgrade 207 st Overhaul Shop Electrical System"
T6100403,"207 st Overhaul Shop Heating Plant"
T6100404,"Upgrade 207 st Maintenance Shop Dc Power"
T6100405,"Rehab East New York Maintenance Shop Ventilation"
T6100406,"Rehabilitate Coney Island Power Centers #2 & #3"
T6100407,"Car Equipment Shops - Priority Repairs"
T6100409,"Yard Lighting At Jerome And Pelham Yards"
T6100410,"Install Yard Closed-Circuit Television Systems - Phase 2"
T6100423,"2011 Yard Switch Replacement At 38 st And Pitkin Yards"
T6100424,"2011 Yard Track Replacement At Concourse And 207 st Yards"
T6100425,"Upgrade 207 st Overhaul Shop Equipment"
T6100426,"Facility Waterproofing At 180th Street Maintenance Shop"
T6100427,"Rehab Car Washers At 3 Yards"
T6100428,"Rehab 1 Car Washer At Coney Island Yard"
T6100429,"Yard Lighting At 207 st Yard - Design Only"
T6100431,"Component Repairs At Car Cleaning Facility - Design Only"
T6100438,"Upgrade Central Electronics Shop At Woodside Facility - Design Only"
T6100439,"Purchase Of Overhead Crane For Concourse Maintenance Facility"
T6100440,"Structural Remediation At East 180th Street Maintenance Facility Building And Retaining Wall - Design Only"
T6100442,"Roof Replacement And Component Repairs At 207th Street Maintenance And Overhaul Shop - Design Only"
T6100443,"Replace Heavy Shop Equipment - Design Only"
T6100450,"Shop Component Repairs At Various Car Equipment Facilities - Design Only"
T6100454,"Boiler Upgrades And Site Remediation At 207th Street Overhaul Shop"
T6100455,"Structural Repairs At 207 Street Boiler House"
T6100408,"Replace Heavy Shop Equipment"
T6100411,"2010 Yard Track Replacement"
T6100412,"2011 Yard Track Replacement"
T6100413,"2012 Yard Track Replacement"
T6100414,"2013 Yard Track Replacement"
T6100415,"2014 Yard Track Replacement"
T6100416,"2015 Yard Track Replacement - Design Only"
T6100417,"2010 Yard Switch Replacement"
T6100418,"2011 Yard Switch Replacement"
T6100419,"2012 Yard Switch Replacement"
T6100420,"2013 Yard Switch Replacement"
T6100421,"2014 Yard Switch Replacement"
T6100422,"2015 Yard Switch Replacement - Design Only"
T6100432,"2015 Yard Switch Replacement"
T6100433,"2015 Yard Track Replacement"
T6100434,"2015 Welded Rail Installation On The 8th Avenue Line"
T6100435,"2015 Mainline Track Replacement On The Brighton Line"
T6100436,"2015 Mainline Track Replacement On The West End Line"
T6100437,"2015 Mainline Track Replacement On The White Plains Road Line"
T6100444,"2015 Mainline Track Replacement On The Pelham Line"
T6100445,"2015 Mainline Track Replacement On The Liberty Line"
T6100446,"2015 Mainline Switch Replacement On The Brighton Line"
T6100447,"2015 Mainline Switch Replacement On The Dyre Line"
T6100448,"2015 Mainline Switch Replacement On The Queens Boulevard Line"
T6100449,"2015 Mainline Switch Replacement On The 8th Avenue Line"
T6100451,"Mainline Track And Third Rail Replacement For 2nd Avenue-63Rd Street Connection - Design Only"
T6100452,"Integrated Wheel And Rail Monitoring And Analytics"
T6100453,"Purchase And Installation Of A 2-Ton Overhead Crane At 207th Street Maintenance Facility"
T6120303,"New Jamaica Depot - Phase 1"
T6120304,"126 Street Bus Depot Decommissioning"
T6120305,"Rehabilitation And Conversion Of East New York Paint Shop"
T6120306,"Pavement Repairs At Jackie Gleason Bus Depot (Sbmp)"
T6120307,"New Elevator At The Medical Assessment Center At Queens Village Bus Depot (Sbmp)"
T6120308,"Replace Sliding Gates At Jackie Gleason Bus Depot (Sbmp)"
T6120309,"Replacement Of Chassis Washes At Michael J. Quill Bus Depot (Sbmp)"
T6120310,"Fireproofing At Tuskegee Airmen Depot (Sbmp)"
T6120311,"Upgrade Heating, Ventilation, Air Condition Systems And Rehab Office At East New York Depot"
T6120312,"Rehab Components At Zerega Bus Depot Central Maintenance Facility - Design Only"
T6120313,"Rehab Components At Gun Hill Bus Depot - Design Only"
T6120314,"Rehab Components At Casey Stengel Bus Depot - Design Only"
T6120315,"Rehab Components At Queens Village Bus Depot - Design Only"
T6120317,"Kingsbridge Depot Roof Replacement Of Annex Building (Sbmp)"
T6120318,"Upgrade Cng Facility At Jackie Gleason Bus Depot"
T6120319,"Locker Room Renovation At East New York Depot"
T6120320,"Fireproofing Sealant 2nd And 3Rd Floors At Tuskegee Depot (Sbmp)"
T6120321,"Facade Repair And Window Replacement At East New York Bus Depot - Design Only"
T6120323,"Window Replacement At Flatbush And Ulmer Park Depots"
T6120324,"Wall Repair At Flatbush Bus Depot (Sbmp)"
T6120302,"In-House Mini-Rehabilitation At Various Depots"
T6120402,"Bus Rapid Transit"
T6120405,"Install Intelligent Vehicle Network Systems: 5 Depots"
T6120406,"Rehab 3 Bus Washers At Manhattanville Depot"
T6120407,"Property Purchase: Kingsbridge Depot"
T6120408,"Upgrade Paint Application System At 2 Depots"
T6120409,"Storage Tank Upgrades At Fresh Pond Depot (Sbmp)"
T6120410,"Upgrade Heating, Ventilation, Air Condition Systems At Yukon Depot"
T6120412,"Parking Lot Development At Jamaica And Grand Avenue Depots"
T6120414,"Automated Fuel Management System Upgrade"
T6120416,"Bus Washers At 4 Depots (Design Only) And Queens Village Depot (Sbmp)"
T6120420,"Jamaica Bus Terminal"
T6120421,"Department Of Buses Facility At st George Terminal"
T6120422,"Manhattanville Comprehensive Facade Repairs"
T6120423,"Storage Tank Upgrade At Jamaica Depot (Sbmp)"
T6120424,"Rehab 2 Bus Washers At Gun Hill Depot (Sbmp)"
T6120425,"Rehab 3 Bus Washers At Kingsbridge Depot (Sbmp)"
T6120426,"Rehab 2 Bus Washers At Casey Stengel Depot (Sbmp)"
T6120427,"Rehab 4 Bus Washers At 2 Depots (Sbmp)"
T6120428,"Rehab 4 Bus Washers At 2 Depots (SBFP)"
T6120429,"New Bus Command Center Building"
T6120430,"Construct 1 Bus Washer And Rehab 2 Bus Washers At Michael J. Quill Depot"
T6120432,"Replace Paint Booth At Queens Village Bus Depot (Sbmp)"
T6120433,"Removal Of In-Ground Lifts At 5 Bus Depots"
T6120434,"Replacement Of Chassis Wash At Queens Village Bus Depot (Sbmp)"
T6120435,"Replacement Of 6 Bus Washers At 3 Depots - Design Only"
T6120436,"Replacement Of Oil-Water Separators At 4 Depots"
T6120438,"Shoreline Upgrade At Kingsbridge Bus Depot - Design Only"
T6120439,"Upgrade 7 Elevators At 5 Bus Depots - Design Only"
T6120440,"Replacement Of Vertical Platform Lift At East New York (Sbmp)"
T6120442,"Upgrade Existing Paint Booth And Install New Paint Booth At Zerega Central Maintenance Facility (Sbmp) - Design Only"
T6120444,"New East New York (Eny) Tower - Nyct"
T6120401,"Upgrade Paint Booth Air Systems At Various Depots"
T6120403,"Replacement Of Bus Radio System"
T6120411,"Depot Equipment Replacement"
T6120413,"Replace The Automated Decision Engine For Passenger Transportation (Adept) System (Paratransit Scheduling)"
T6120415,"Bus Lift Replacement"
T6120418,"Camera Enforcement System Pilot"
T6120419,"Miscellaneous Property Acquisition"
T6120437,"Replacement Of Storage Tanks - Design Only"
T6120443,"Bus Rapid Transit: Advance 240 Metrocard Fare Machines"
T6120445,"Cad/Avl & Secure Bus Access (Sba)"
T6160213,"Help Point At 233 Street And 238 Street-Nereid Avenue Stations On The White Plains Road Line (Sbmp)"
T6160214,"Help Point At 219 Street And 225 Street Stations On The White Plains Road Line (Sbmp)"
T6160219,"Help Point At Allerton Avenue And Burke Avenue Stations On The White Plains Road Line (Sbmp)"
T6160220,"Help Point At Avenue N And Avenue X Stations On The Culver Line (Sbmp)"
T6160221,"Help Point At Avenue I And Bay Parkway Stations On The Culver Line (Sbmp)"
T6160222,"Help Point At Bronx Park East On The White Plains Road Line And 82nd Street-Jackson Heights On The Flushing Line (Sbmp)"
T6160223,"Help Point At 52nd Street And 69th Street On The Flushing Line (Sbmp)"
T6160224,"Help Point At Mosholu Parkway And Bedford Park Boulevard Stations On The Jerome Line (Sbmp)"
T6160201,"Capital Revolving Fund - 2010"
T6160202,"Capital Revolving Fund - 2011"
T6160203,"Capital Revolving Fund - 2012"
T6160204,"Capital Revolving Fund - 2013"
T6160205,"Capital Revolving Fund - 2014"
T6160206,"All Agency Protective Liability Insurance Deductible"
T6160207,"All Agency Protective Liability Insurance Premiums"
T6160209,"Owner Controlled Insurance Program"
T6160210,"Reserve: Superstorm Sandy Recovery Work"
T6160211,"Reserve: Small Business Mentoring Program"
T6160212,"Reserve: Superstorm Sandy Mitigation Work"
T6160218,"Reserve: Sandy Mitigation Power Cables And Ducts In The Montague Tube"
T6160225,"Reserve: Superstorm Sandy Resiliency Grant Support"
T6160405,"Upgrade Heating, Ventilation And Air Conditioning System At 130 Livingston Plaza (Sbmp)"
T6160401,"Capital Project Information Central System Technology Conversion"
T6160402,"Nyct-Wide Storage Area Network/Disaster Recovery"
T6160404,"Wide Area Network/Local Area Network Equipment Replacement Phase 1"
T6160406,"Upgrade Penta Voice Communication System"
T6160605,"Fire Sprinkler/Alarm Systems At 11 Employee Facilities"
T6160606,"Replace Fire Alarm At 207 st Overhaul Shop"
T6160611,"Replace Fire Alarm Systems At Various Locations"
T6160613,"Replacement Of Fire Alarm System At 3 Locations - Design Only"
T6160614,"Replace Fire Alarm Systems At 3 Locations (Sbmp)"
T6160615,"Replace Fire Alarm Systems At 3 Locations (Sbmp)"
T6160601,"Asbestos Abatement: Priority 7"
T6160602,"Asbestos Removal"
T6160603,"Asbestos / Lead Air Monitoring"
T6160604,"Asbestos Disposal"
T6160607,"Groundwater, Soil Remediation"
T6160608,"Consultant Services - Underground Storage Tank Remediation"
T6160609,"Asbestos Removal"
T6160610,"Asbestos / Lead Air Monitoring"
T6160612,"Consultant Services - Underground Storage Tank Remediation"
T6160702,"Disposition Of Jay Street Systems Phase 1"
T6160704,"Rehabilitate Employee Facilities At Jay st On The Fulton Line"
T6160705,"Rehab Employee Facility At Chambers st On The Nassau Line"
T6160706,"Maspeth Warehouse Repairs"
T6160708,"Livingston Plaza Emergency Generator Upgrade - Design Only"
T6160710,"Rehabilitation Of Employee Facility At West 4 st On The 6th And 8th Av Line"
T6160711,"Rehab Automated Fare Control Employee Facility At 8th Ave On The Sea Beach Line"
T6160713,"Rehabilitation Of Employee Facility At 207th Street On The 8th Av Line"
T6160715,"Rehabilitation Of 9 Employee Facilities On The Crosstown Line"
T6160716,"Automated Fare Control Office Upgrades At 4 Depots - Design Only"
T6160717,"Livingston Plaza Repairs"
T6160718,"Replace Currency Counters"
T6160721,"Maspeth Warehouse Roof Replacement At Office Building/ Queens"
T6160722,"Maspeth Warehouse Roof Structure At Storage Area/ Queens"
T6160723,"Installation And Rental Of Sidewalk Shed At 130 Livingston Plaza (Sbmp)"
T6160725,"Automated Fare Control Office Upgrade At Fresh Pond And Queens Village Bus Depots (Sbmp)"
T6160726,"Perimeter Hardening At The Rail Control Center (SBFP)"
T6160727,"Rto Facility Hardening At South Ferry Terminal"
T6160728,"Upgrade Heating, Ventilation And Air Conditioning System At 130 Livingston Plaza Data Center (Sbmp)"
T6160729,"Improvements To Electrical And Mechanical Systems At Livingston Plaza - Design Only"
T6160703,"Rapid Transit Operations Facilities Hardening Phase 1"
T6160707,"Perimeter Hardening At 130 Livingston Plaza"
T6160709,"Facility Roof Repair/Replacement Phase 3"
T6160712,"Upgrade Power Systems At The Rail Control Center And Power Control Center - Design Only"
T6160719,"Facility Roof Repair/Replacement Phase 4"
T6160720,"Rapid Transit Operations Facilities Hardening Phase 2"
T6160730,"Sandy Mitigation: Substation Hardening At 24 Locations"
T6160799,"Project Completion Tasks"
T6160501,"Boring Services: Brooklyn, Queens, Staten Island"
T6160502,"Boring Services: Manhattan, Bronx"
T6160503,"Test Pits Contract"
T6160504,"MTA Independent Engineering Consultant"
T6160505,"General Order Support Traffic Checkers"
T6160506,"Value Engineering Services"
T6160507,"Engineering Services"
T6160508,"Construction Support Services"
T6160509,"Reserve: Scope Development"
T6160510,"Reserve: Design"
T6160511,"Concrete Batch Plant"
T6160512,"Concrete Cylinder Testing"
T6160513,"Boring Services: Manhattan, Bronx"
T6160514,"Boring Services: Brooklyn, Queens, Staten Island"
T6160515,"Test Pits Contract"
T6160516,"Mentoring Program Administration"
T6010101,"Purchase 103 A-Division Railcars"
T6010102,"Purchase 300 B-Division Railcars"
T6010103,"Purchase Zero (0) 'B' Division Railcars"
T6010104,"Design Of New 'B' Division Railcar"
T6030201,"Purchase 90 Standard Buses"
T6030202,"Purchase 328 Articulated Buses"
T6030203,"Purchase 90 Express Buses"
T6030204,"Purchase 15 Paratransit Vans"
T6030205,"Purchase 185 Cng Standard Buses"
T6030206,"Purchase 90 Articulated Buses"
T6030207,"Design Of 300 Express Buses"
T6030208,"Purchase Zero (0) Paratransit Vans"
T6030209,"Purchase Zero (0) Standard Buses"
T6030210,"Purchase Zero (0) Express Buses"
T6030212,"Purchase Zero (0) Articulated Buses"
T6030213,"Purchase Zero (0) Paratransit Vans"
T6030214,"Purchase Zero (0) Express Buses"
T6030215,"Purchase 231 Articulated Buses - Design Only"
T6030216,"Purchase Zero (0) Standard Buses"
T6030217,"Purchase 177 Paratransit Vehicles"
T6030218,"Replace Main Components Of (Bus) Integrated Farebox Units"
T6030219,"Purchase Zero (0) Express Buses"
T6030220,"Purchase 90 Standard Buses"
T6030221,"Purchase 90 Standard Buses"
T6030222,"Design Of 600 Standard Buses"
T6030223,"Purchase Bus Cameras"
T6030224,"Purchase 324 Standard Buses"
T6030225,"Purchase 300 Express Buses"
T6030226,"Bus Integrated Asset Management Planning System"
T6030227,"On-Board Audio Visual System"
T6030228,"Purchase 276 Standard Buses"
T6030229,"On-Board Audio Visual System - Pilot"
T6030230,"Purchase 72 Standard Diesel Buses"
T6030231,"Purchase 138 Standard Cng Buses"
T6030232,"On-Board Audio Visual System - Depot Wi-Fi"
T6030233,"Purchase 110 Cng Articulated Buses - Design Only"
T6030234,"Purchase 139 Articulated Buses"
T6030235,"Purchase 92 Articulated Buses"
T6130201,"Purchase 84 Non-Revenue Vehicles"
T6130202,"Purchase 65 Flatcars"
T6130203,"Purchase 8 Auger Snow-Throwers"
T6130204,"Purchase Zero (0) Locomotives"
T6130205,"Purchase 90 Non-Revenue Vehicles"
T6130206,"Purchase 65 Non-Revenue Vehicles"
T6130207,"Purchase Vacuum Trains"
T6130208,"52 Diesel Electric Locomotives - Design Only"
T6130209,"2 Signal Supply Cars - Design Only"
T6130210,"27 Refuse Flat Cars - Design Only"
T6130211,"12 Three-Ton Crane Cars - Design Only"
S6070101,"Structural Repairs At Eight Staten Island Railway Stations"
S6070102,"Rehabilitation Of 8 Bridges And 1 Culvert On The Staten Island Railway"
S6070103,"Rehabilitation Of St. George Interlocking"
S6070105,"Construction Of New Power Substation: Prince'S Bay"
S6070106,"Rehabilitation Of 5 Circuit Breaker Houses"
S6070108,"Construction Of New Station: Arthur Kill"
S6070110,"Construction Of New Power Substation: Tottenville - Design Only"
S6070111,"Construction Of New Power Substation: New Dorp - Design Only"
S6070112,"Construction Of New Power Substation: Clifton - Design Only"
S6070104,"Retrofit Railcars For Staten Island Railway Service"
S6070107,"Installation Of Composite Contact Rail"
S6070109,"Staten Island Railway Non-Reporting Blocks Alarms"
S6070113,"Staten Island Railway: Uhf T-Band Radio System Replacement - Design Only"
L60204UB,"Massapequa Station Platform Replacement"
L60204UC,"Wantagh Station Platform Replacement"
L60204UE,"East Side Access / Grand Central Terminal Support"
L60204UF,"Mets / Willets Point Station Renovation"
L60204UH,"Elevator Replacement Program"
L60204UW,"ESA-Gct Unified Trash Collection"
L60204UD,"Escalator Replacement Program"
L60204UK,"Smart Card Improvements"
L60205U1,"Wyandanch Parking Facility"
L60206VL,"Penn Station Heating, Ventilation & Air Conditioning Improvements"
L60301TG,"Atlantic Branch Half Tie Replacement"
L60301TH,"Merrick And Bellmore Viaduct Direct Fixation Track Structure Replacement."
L60301TM,"East River Tunnel Track Replacement"
L60301TA,"2010 Annual Track Program"
L60301TB,"2011 Annual Track Program"
L60301TC,"2012 Annual Track Program"
L60301TD,"2013 Annual Track Program"
L60301TE,"2014 Annual Track Program"
L60301TF,"Construction Equipment Purchase Used For Track Program"
L60301TJ,"Right Of Way - Culvert Improvements"
L60301TK,"Right Of Way - Drainage Control Improvements"
L60301TL,"Right Of Way - Fencing Installation"
L60301TN,"Right Of Way - Track Stability / Retaining Walls Improvements"
L60304TU,"Jamaica Capacity Improvements - Phase One"
L60304TV,"Massapequa Pocket Track"
L60304TW,"Extend Great Neck Pocket Track"
L60304TX,"Second Track Farmingdale To Ronkonkoma - Phase 1"
L60304WA,"2015 Track Program"
L60401BC,"Colonial Road Highway Bridge Replacement"
L60401BD,"Rehabilitate The 150th Street And Broadway Bridges"
L60401BE,"Rehabilitation Construction Of Three Bridges On The Montauk Branch In Hampton Bays, Suffolk County."
L60401BF,"Atlantic Avenue Viaduct - Phase Iib"
L60401BH,"Woodhaven Boulevard Bridge Rehabilitation"
L60401BK,"150th Street - Jamaica Bridge Rehabilitation"
L60401BL,"Post Avenue Bridge Replacement Design"
L60401BB,"Bridge Rehabilitation Program"
L60401BG,"Bridge Painting Program"
L60402BP,"East River Tunnel Fire And Life Safety Improvements"
L60501L6,"Penn Station Radio Retrofit And East River Tunnel Antenna Replacement"
L60501L7,"Atlantic Avenue Tunnel Cable Replacement"
L60501L1,"Fiber Optic Network Investments System Wide"
L60501L2,"Private Branch Exchange / Wayside Phone Systems Replacement - Phase 1"
L60501L3,"Communication Pole / Copper Plant Replacement System Wide"
L60501L4,"Radio Coverage Improvements"
L60502LC,"Speonk To Montauk Signalization"
L60502LD,"Babylon Interlocking Renewal"
L60502LE,"Supervisory Control And Remote Terminal Unit"
L60502LG,"Centralized Train Control - Tower Migration"
L60502LR,"Centralized Train Control"
L60502LA,"Positive Train Control (Ptc)"
L60502LB,"Signal Normal Replacement Program"
L60502LF,"Centralized Train Control"
L606016J,"Lic Phase 3B Construction"
L606016U,"Rolling Stock Support Equipment"
L60601YA,"Shop Reconfiguration And Reliability Centered Maintenance Infrastructure Improvements"
L60601YB,"Hillside Facility Roof Renewals"
L60601YC,"Hillside Maintenance Facility Component Improvements"
L60601YE,"Diesel Locomotive Facility Investments"
L60601YK,"Montauk Yard Improvements"
L60601YL,"Port Washington Yard Reconfiguration"
L60601YN,"New Mid Suffolk Electric Yard"
L60604YT,"Employee Facilities Renewals"
L60701AA,"Replacement Of Hillside & Kew Garden Substations"
L60701AC,"Signal Power Motor Generator Replacement"
L60701AJ,"Atlantic Avenue Tunnel Lighting Replacement"
L60701AQ,"Replacement Of Port Washington Substation"
L60701AR,"Replacement Of Richmond Hill Substation"
L60701AS,"Replacement Of Penn Station Substation Des"
L60701AB,"Substation Battery Replacements"
L60701AD,"Substation Pilot Wire & Relay Replacement"
L60701AE,"3Rd Rail - 2000 Circular Mils Cable Replacement"
L60701AF,"3Rd Rail - Disconnect Switches Replacement"
L60701AG,"3Rd Rail - Protection Board Replacement"
L60701AH,"3Rd Rail - Aluminum Rail Replacement"
L60701AK,"Signal Power Line Replacement"
L60701AL,"Power Pole Line Replacement"
L60701AM,"New Substations On The Main Line In Queens"
L60701AN,"3Rd Rail Feeder Cable Upgrade"
L60701AP,"Negative Reactor Upgrade"
L60904N4,"Yaphank Landfill Remediation"
L60904N6,"Smithtown Viaduct Remediation"
L60904N8,"Speonk Yard Metal Treatment System"
L60904N3,"Chlordane Remediation - 20 Substations"
L60904,"Program Administration"
L60904NB,"Program Development"
L60904NC,"Insurance"
L60904ND,"MTA Independent Engineer"
L60904NE,"Mentoring Program Administration"
L60904NF,"Ocip"
L60904NH,"Sandy Mitigation Grant Support"
L60904NQ,"2015 Program Administration"
L60101MA,"Purchase 92 M-9 Electric Cars."
L60101MB,"Specification Development For Alternate Diesel Equipment To Operate In Diesel Territory."
L60101MD,"Reserve: Purchase Of Alternate Diesel Equipment To Operate In Diesel Territory."
L60101MF,"Work Locomotives"
M6020101,"Grand Central Trainshed And Park Avenue Tunnel Structure Rehabilitation"
M6020102,"Park Avenue Tunnel Renewal"
M6020104,"Grand Central Terminal Trainshed Track Structure Pilot Replacement Program"
M6020105,"Grand Central Terminal Leaks Remediation"
M6020106,"Grand Central Terminal Elevator Rehabilitation - Phase 4"
M6020107,"Grand Central Terminal Platform Edge Rehabilitation"
M6020108,"Grand Central Terminal Utility System Improvements"
M6020109,"Grand Central Terminal Customer Communications Improvements"
M6020110,"Gct Recycling Facility"
M6020111,"Grand Central Terminal And The Harlem/Hudson Lines Purchase"
M6020201,"Poughkeepsie Station Building Rehabilitation Work"
M6020202,"Fordham Station Improvements"
M6020203,"Harlem Line Stations Component Renewal (Design Only)"
M6020204,"Station Building Improvements And Net Lease Efforts At Select Locations"
M6020206,"New Haven Line Stations Component Renewals"
M6020209,"Harlem-125th st Improvements (Design Only)"
M6020207,"New Fare Payment System - Omny"
M6020208,"Customer Communication/Connectivity Improvements To Provide Real-Time Information At East Of Hudson Stations"
M6020302,"Strategic Facilities"
M6020301,"Parking Facility Renewals"
M6030104,"Turnout Replacements: Yards / Sidings"
M6030107,"Rock Slope Remediation -Priority Sites Along The Right-Of-Way"
M6030116,"Grand Central Terminal And The Harlem/Hudson Lines Purchase"
M6030101,"Annual Track Program"
M6030102,"Mainline/High Speed Turnout Replacement"
M6030103,"Grand Central Terminal Turnout / Switch Renewal"
M6030105,"Maintenance Of Way Equipment/Rolling Stock Replacement"
M6030106,"Cyclical Replacement Of Insulated Joints"
M6030108,"Drainage And Undercutting Improvements Along The Right-Of-Way"
M6030109,"Rebuild Retaining Walls"
M6030111,"Annual Track Program (2011)"
M6030112,"Annual Track Program (2012)"
M6030113,"Annual Track Program (2013)"
M6030114,"Annual Track Program (2014)"
M6030115,"2015 Gct Turnout/Switch Renewal"
M6030211,"Harlem River Lift Bridge Cable Replacement"
M6030201,"Replace Timbers On Undergrade Bridges"
M6030202,"Renew / Replace Railtop Culverts"
M6030203,"Right-Of-Way Fencing Improvements"
M6030204,"Dc Substation/Signal House Improvements"
M6030205,"Bridge Walkways Installation"
M6030206,"Remove Obsolete Facilities"
M6030207,"Specialized Structures Equipment"
M6030209,"Employee Welfare And Storage Facility Rehabilitations"
M6030210,"Repair/Replacement Of Undergrade Bridges"
M6030212,"Repair/Replace East Of Hudson Overhead Bridges"
M6030213,"Catenary Painting/Rehabilitate Catenary Structures"
M6030214,"Park Avenue Viaduct Direct Fixation Improvements"
M6030303,"Moodna And Woodbury Viaduct Rehabilitation"
M6030304,"Otisville Tunnel Renewal"
M6030306,"West Of Hudson Rock Slope Remediation"
M6030301,"West Of Hudson Annual Track Program"
M6030302,"West Of Hudson Improvements"
M6030305,"Repair/Replace Undergrade Bridges On The West Of Hudson, Port Jervis Line"
M6030307,"West Of Hudson Improvements (2015)"
M6030308,"West Of Hudson Track (2015)"
M6050101,"Replace And Upgrade Substation Bridge 23"
M6050106,"Park Avenue Tunnel And Viaduct Alarm Improvements"
M6050107,"Replacement Of Harlem River Lift Bridge Breaker Houses/Electric Controls"
M6050109,"Replace 3Rd Rail Infrastructure In The Park Avenue Tunnel"
M6050102,"Renewal Of Harlem And Hudson Substation Switchgear"
M6050103,"Harlem And Hudson Line Power Improvements"
M6050104,"Replace Motor Alternators And Control Circuits"
M6050105,"Replace Substation Batteries"
M6050108,"Replace 3Rd Rail Sectionalizing Switches And Install Snow Melter Control Cabinets"
M6060101,"Harmon Shop Replacement Program"
M6060102,"Wassaic Yard Expansion"
M6060104,"Port Jervis Yard Expansion"
M6060103,"Other Shop And Yard Improvements (Study Only)"
M6010101,"Emu Replacement / Repair"
M6010102,"Purchase M-8 Series Cars For The New Haven Line"
M6010103,"Purchase Diesel Locomotives For Shuttle/Switching Service"
M6040101,"Positive Train Control"
M6040102,"Upgrade West Of Hudson Signal System"
M6040103,"Replace Fiber/Communication & Signals Cables"
M6040104,"Replace Field Code System At Mott Haven"
M6040105,"Grade Crossing Upgrades - Phase 2"
M6040106,"Centralized Traffic Control And Supervisory Control And Data Acquisition Systems Testing"
M6040107,"Refurbish/ Replace Electrical Switch Machine"
M6040108,"Design/Replace Harlem And Hudson Track Relays"
M6040109,"Replace High Cycle Relays"
M6040110,"Communication And Signals Maintenance Management System"
M6040111,"Private Branch Exchange (Pbx) Equipment Upgrade"
M6040112,"Mobile And Portable Radio Replacement"
M6040113,"Rolling Stock Radio And Public Address Equipment Replacement"
M6040114,"Radio Base Station Replacement"
M6040116,"Radio Frequency Rebanding"
M6040117,"New Haven Line Signal Improvements"
M6040118,"Hudson & Harlem Line Wayside Communications And Signals Systems Design"
M6040119,"Superstorm Sandy Settlement"
M6080101,"System Wide Lead/Asbestos Abatement"
M6080102,"Environmental Remediation"
M6080103,"Railroad Protective Liability"
M6080104,"MTA Independent Engineer"
M6080105,"Mentoring Program Administration"
M6080106,"Program Administration"
M6080107,"Program Scope Development"
M6080108,"Owner Controlled Insurance Program (Ocip)"
M6080109,"System Wide Security Initiatives"
M6080111,"2015 Program Scope Development"
M6080112,"2015 Program Administration"
M6080113,"C&D Engineering"
D601BB28,"Rehabilitation Of Tunnel Walls Roadway Drainage And Fire Line Repair At Brooklyn-Battery Tunnel"
D601BW07,"Tower And Pier Fender Protection System - Bronx-Whitestone Bridge"
D601BW14,"Miscellaneous Structural Rehabilitation: Steel And Concrete Repairs - Bronx Whitestone Bridge"
D601BW84,"Monitoring, Inspection, And Testing Of The Bronx-Whitestone Bridge'S Main Cable And Cable Wires"
D601BW97,"Concrete Repairs At The Bronx Anchorage Of The Bronx-Whitestone Bridge"
D601CB09,"Rehabilitation Of The Concrete Substructure And Underwater Work - Cross-Bay Bridge"
D601HH07,"Structural Rehabilitation - Phase I - Henry Hudson Bridge"
D601HH81,"Design For The Replacement Of The Lower Level South Approach Deck At Henry Hudson Bridge"
D601HH89,"Skewbacks Retrofit - Henry Hudson Bridge"
D601MP06,"Substructure And Underwater Scour Protection - Marine Parkway Bridge"
D601MP16,"Miscellaneous Steel Repairs - Marine Parkway Bridge"
D601MPXB,"This Project Will Construct Miscellaneous Structural Steel Repairs At Various Locations On The Marine Parkway Bridge."
D601QM18,"Structural Rehabilitation Of The Entrance And Exit Plazas - Queens Midtown Tunnel"
D601QM40,"Rehabilitation Of Tunnel Walls, Ceiling Repair And Leak Control - Queens Midtown Tunnel"
D601RK19,"Seismic And Wind Study For Robert F Kennedy Bridge"
D601RK23,"Miscellaneous Steel And Concrete Rehabilitation - Manhattan Approach Ramps Of The Robert F Kennedy Bridge"
D601RK76,"Miscellaneous Structural Repair - Robert F Kennedy Bridge"
D601TN52,"Miscellaneous Structural Rehabilitation - Throgs Neck Bridge"
D601TN60,"Design Only Of An Anchorage Dehumidification System - Throgs Neck Bridge"
D601VN34,"Verrazano-Narrows Bridge Main Cable Testing"
D601VN35,"Steel Repairs, Concrete Rehabilitation And Repair/Rehabilitation Of Drainage Systems - Verrazano-Narrows Bridge"
D601AW98,"Feasibility Study For Tunnel Improvements And Modernization Of The Brooklyn-Battery And Queens Midtown Tunnels"
D602BB54,"Replacement Of Brooklyn Plaza Structural Slab - Brooklyn-Battery Tunnel"
D602BW63,"Queens Approach Roadway Improvements At The Bwb"
D602BW89,"Deck Replacement - The Queens Elevated And On-Grade Approach Of The Bronx-Whitestone Bridge"
D602HH10,"Replacement Of The Upper Level Sidewalk, Curb Stringers, And Roadway Lighting - Henry Hudson Bridge"
D602HH88,"Replacement Of The Upper And Lower Level Toll Plaza And Southbound Approach - Henry Hudson Bridge"
D602MP21,"Rehabilitation Of The Rockaway Point Boulevard And Jacob Riis Park Pedestrian Bridges"
D602RK65,"Replacement Of The Bronx And Manhattan Toll Plaza Deck Area, Utility Relocation, Personnel And Facilities Relocation - Robert F Kennedy Bridge"
D602RK70,"Demolition Of Remaining Previously OCCupied Spaces Beneath The Manhattan Toll Plaza At The Rfk"
D602RK73,"Demolition And Reconstruction Of The Manhattan To Queens Ramp Of The Robert F Kennedy Bridge"
D602RK74,"Replacement Of The Surface Layer On The Orthotropic Deck Sections Of The Robert F Kennedy Bridge"
D602RK75,"Interim Deck Repairs - Manhattan Toll Plaza Deck - Robert F Kennedy Bridge"
D602RKXD,"Rehabilitate Ramp Connecting Bruckner Expressway To Rfk Bridge"
D602TN49,"Phase A Of The Suspended Span Deck Replacement - Throgs Neck Bridge - Utility Relocation And Prototype Construction"
D602TN82,"Phase B Of The Rehabilitation Of The Orthotropic Deck - Throgs Neck Bridge"
D602VN03,"Toll Plaza Improvements At Eastbound And Westbound Ramps Of Verrazano Narrows Bridge Eastbound Mainline Rehabilitation At Verrazano-Narrows Bridge"
D602VN80,"Replacement Of The Upper Level Suspended Span Deck - Verrazano-Narrows Bridge"
D602VN84,"Widening Of The Belt Parkway Ramps And Rehabilitation Of The Upper Level Approaches Of Verrazano-Narrows Bridge. Design Only."
D603HH85,"Replacement Of The Upper Level Toll Plaza Deck - Henry Hudson Bridge"
D603AW35,"Installation Of Weather Information Systems At The Four Major Bridges"
D603AW48,"Second Generation E-Zpass In-Lane Subsystem Evaluation And Modernization"
D603AW50,"Agency-Wide Wireless Communications"
D603AW52,"Advanced Traffic Detection / Management System"
D603AW54,"Regional Integration Of Real-Time Information"
D603AW57,"Advanced Traffic Management Systems"
D603AW62,"Smart Card Development"
D604BB28,"Installation Of Fire Standpipe In The Hct/Bbt Brooklyn Plaza"
D604BB45,"Replacement Of The Electrical Switchgear And Equipment At Brooklyn-Battery Tunnel"
D604BW15,"Installation Of New Necklace Lighting System And Acoustic Monitoring System - Bronx-Whitestone Bridge"
D604MP03,"Rehabilitation Of The Programmable Logic Controller And Electrical And Mechanical Systems Of The Marine Parkway Bridge Lift Span"
D604MPXA,"Rehabilitation Of The Programmable Logic Controller And Electrical And Mechanical Systems Of The Marine Parkway Bridge Lift Span"
D604QM30,"Tunnel Ventilation Building Electrical Upgrade Replace Electrical Switchgear And Fan Motor Control Equipment - Queens Midtown Tunnel"
D604QM81,"Design For The Replacement Of The Utilities Within The Queens Midtown Tunnel Facility Supervisory Control System"
D604VN87,"Rehabilitation Of Electrical Substation #1 At The Verrazano-Narrows Bridge"
D604AW80,"Advanced Traveler Information Systems"
D605BB21,"Service Building Rehabilitation At Brooklyn-Battery Tunnel"
D605BB43,"Miscellaneous Repairs At The Battery Parking Garage"
D605AW12,"Agency-Wide Hazardous Materials Abatement"
D607HH10,"Paint Curb Stringers At Henry Hudson Bridge"
D607HH85,"Paint - Steel Members, Upper Level Plaza Deck - Henry Hudson Bridge"
D607MP21,"Paint Rockaway Point Boulevard Bridge, Jacob Riis Pedestrian Bridge, And Marine Parkway Bridge"
D607MPXC,"Zone And Spot Paint Rockaway Point Boulevard Bridge, Jacob Riis Pedestrian Bridge, And Marine Parkway Bridge"
D607RK65,"Paint Steel Members, Toll Plaza Deck And Approach Ramps At Robert F Kennedy Bridge"
D607TN82,"Paint Bronx Approach Of Throgs Neck Bridge"
D607TN85,"Paint - Steel Members Of The Suspended Span Deck - Throgs Neck Bridge"
D607TN87,"Paint Structural Steel Of Bronx And Queens Tower Fender Systems At Throgs Neck Bridge"
D607VN35,"Paint Brooklyn And Staten Island Lower Level Ramps At Verrazano Narrows Bridge"
D607VN80,"Paint - Upper Level Superstructure - Verrazano-Narrows Bridge"
D607VN84,"Paint Belt Parkway Ramps"
D607VN88,"Paint Towers Below The Roadway Level At Verrazano-Narrows Bridge"
D607AW95,"Miscellaneous Agency Wide Painting"
D606AW15,"MTA Independent Engineering Services"
D606AW18,"All Agency Protective Liability Insurance"
D606AW21,"Program Administration"
D606AW22,"Miscellaneous"
D606AW28,"Scope Development"
D606AW85,"Traffic Enforcement Support"
D606AW94,"Small Business Mentoring Program"
U6030207,"New Elevator At College Point Depot"
U6030208,"New Apron At Jfk Depot (SBFP)"
U6030209,"Construct A Green Roof At Far Rockaway Depot"
U6030210,"Replace 2 Bus Washers At Spring Creek Depot (SBFP)"
U6030211,"Upgrade Heating, Ventilation And Air Conditioning System At Spring Creek Depot (SBFP)"
U6030212,"Compressed Natural Gas (Cng) Upgrade And Conversion At College Point Depot"
U6030213,"Depot Modifications For Articulated Buses At Baisley Park And Jfk Depots"
U6030225,"New Bus Command Center Building"
U6030227,"Replacement Of Bus Washers At Jfk And Baisley Park Depots (SBFP)"
U6030228,"New Chassis Washes At Laguardia And Baisley Park Bus Depots (SBFP)"
U6030229,"Replace 3 Bus Washers At College Point Depot"
U6030230,"Replacement Of Roof At La Guardia Bus Depot Annex Building (SBFP)"
U6030231,"Replace Bus Washer At Far Rockaway Depot (SBFP)"
U6030232,"Upgrade Heating, Ventilation And Air Conditioning System At College Point Depot"
U6030201,"Project Administration And Engineering Support Services"
U6030205,"Purchase Depot Equipment"
U6030206,"Purchase Service Vehicles"
U6030214,"Store Room Expansion At Baisley Park Depot (SBFP)"
U6030215,"Purchase 79 Cng Standard Buses"
U6030216,"Purchase 89 Cng Standard Buses"
U6030217,"Purchase 45 Standard Buses"
U6030218,"Purchase 32 Express Buses"
U6030219,"Purchase 75 Articulated Buses"
U6030220,"Real Time Customer Information"
U6030221,"Design Management Services"
U6030222,"Construction Management Services"
U6030224,"Purchase Bus Cameras"
U6030226,"Replacement Of Bus Radio System"
N6110101,"Complete Implementation Of MTA Business Service Center"
N6110102,"Rehabilitation Of Jay Street Building"
N6110103,"Biltmore Room Connection"
N6120103,"Tappan Zee Bridge Rail Study (MTA Share)"
N6120104,"Penn Station Access Study"
N6120101,"MTA Core Long-Range Planning Support For Capital Needs"
N6120102,"MTA Long-Range Travel Corridor Research And Planning Support"
N6120105,"Ongoing Installation - Communication Equipment"
N6000101,"MTA Mentoring Program Administration"
G6090104,"ESA: Force Account Support"
G6090105,"ESA: Metro-North Railroad Force Account Support For Manhattan Structural Work"
G6090106,"ESA: Systemwide Track And Third Rail"
G6090107,"ESA: Communications And Controls Systems"
G6090108,"ESA: Tunnel Ventilation And Facility Power Systems"
G6090109,"ESA: Traction Power Systems"
G6090110,"ESA: Signal Systems"
G6090112,"ESA: 55th Street Ventilation Plant Facility"
G6090114,"ESA: Grand Central Terminal Concourse And Facilities Fit Out"
G6090115,"ESA: Vertical Circulation Equipment - Elevators And Escalators"
G6090116,"ESA: General Conditions"
G6090117,"ESA: Manhattan Structures 2"
G6090118,"ESA: Harold Interlocking Force Account"
G6090119,"ESA: Harold Misroute Prevention Protection"
G6090120,"ESA: Queens Plaza Substation And Structures"
G6090121,"ESA: Mid-Day Storage Yard Facility Cils"
G6090122,"ESA: Construction Of Various Infrastructure Elements At Harold Interlocking (Part 1)"
G6090123,"ESA: Harold Structures - Part 3A"
G6090124,"ESA: Harold Structures - Part 3B"
G6090125,"ESA: Amtrak Access And Protection Construction Support"
G6090126,"ESA: Long Island Rail Road Access And Protection Construction Support"
G6090127,"ESA: System Testing And Commissioning"
G6090130,"ESA: Grand Central Terminal Civil And Structural Work"
G6090131,"ESA: 250 Hz Track Circuit"
G6090135,"ESA: Communication, Control, Tunnel Ventilation And Facility Power Systems"
G6090136,"ESA: Track, Third Rail, Traction Power And Signal Installation"
G6090137,"ESA: Signal Equipment Procurement"
G6090138,"ESA: Force Account Warehouse"
G6090139,"ESA: Manhattan Utilities Relocations"
G6090140,"ESA: Tunnel A Connection"
G6090141,"ESA: Manhattan South Structures"
G6090142,"ESA: Manhattan North Structures"
G6090144,"ESA: Harold Track Work"
G6090146,"ESA: Gct Concourse And Facilities Fit-Out"
G6090147,"ESA: Harold Track Work / 48th St. Bridge And Retaining Wall"
G6090149,"ESA: Early Work For The 48th Street Entrance At 415 Madison Avenue"
G6090151,"ESA: Gct Caverns"
G6090152,"ESA: Structural Modifications For Ladder N"
G6090153,"ESA: Concourse, Cavern & Facility Detailing Services"
G6090154,"ESA: Building Owner Work"
G6090101,"ESA: Program Management"
G6090102,"ESA: Engineering And Design"
G6090103,"ESA: MTA Management"
G6090111,"ESA: Owner-Controlled Insurance Program (Ocip)"
G6090113,"ESA: Construction Management"
G6090128,"ESA: Rail Car Procurement"
G6090129,"ESA: Real Estate"
G6090134,"ESA: Protect Locomotive"
G6090143,"ESA: Traction Power Systems"
G6090148,"ESA: Arts For Transit"
G6090150,"ESA: Special Inspections"
G6100101,"SAS: 96th Street Station Finishes And Mechanical, Electrical, And Plumbing (Mep) Systems"
G6100102,"SAS: 72nd Street Station Finishes And Mechanical, Electrical, And Plumbing (Mep) Systems"
G6100103,"SAS: 86th Street Station Excavation And Structure"
G6100104,"SAS: 86th Street Station Finishes And Mechanical, Electrical, And Plumbing (Mep) Systems"
G6100105,"SAS: Systems - Power, Signal, Tracks And Communications"
G6100106,"SAS: Construction Management"
G6100107,"SAS: Contract 2A - 96th Street Station"
G6100108,"SAS: 63Rd Street Station Upgrade"
G6100113,"SAS: Systems - Power, Signal, Tracks And Communications"
G6100114,"SAS: Station Signage"
G6100116,"Flood Protection System 96th st Sbdp Des"
G61001AW,"SAS: Artwork For The New Stations"
G6100109,"SAS: Final Design"
G6100110,"SAS Automated Fare Collection (Afc) Equipment"
G6100111,"SAS: Concrete Cylinder Testing"
G6100112,"SAS: Concrete Batch Testing"
G6100115,"SAS: Misc Furnishings"
G6100195,"SAS: Project Support"
G6100197,"SAS: Owner-Controlled Insurance Program (Ocip)"
G6100198,"SAS: Real Estate"
G6100199,"SAS: Project Reserve"
G6140101,"Regional Investment To Support ESA: West Bound Bypass And East Bound Re-Route In-House Work"
G6140102,"Regional Investment To Support ESA: Harold Structures Part 3B: East-Bound Re-Route"
G6140103,"Regional Investment To Support ESA: West Bound Bypass And East Bound Re-Route Work"
G6140104,"Regional Investment To Support ESA: Loop Interlocking"
G6140105,"Regional Investment To Support ESA: Demo Of Amtrak Buildings In Harold Interlocking"
G6140107,"Regional Investment To Support ESA: 45th st ADA Elevator"
G6140112,"Regional Investment To Support ESA: Harold Structures - Part 3, East Approach Of East Bound Re-Route And Other Structures"
G6140115,"Regional Investment To Support ESA: Harold Track Work Part 3 (Ch057D)"
G6140106,"Regional Investment To Support ESA: Rolling Stock Procurement"
G6140109,"Regional Investment To Support ESA: Engineering And Design"
G6140110,"Regional Investment To Support ESA: Owner-Controlled Insurance Program (Ocip)"
G6140111,"Regional Investment To Support ESA: Construction Management"
G6140116,"Regional Investments: Harold Catenary Work (Ch063)"
G6150101,"Rolling Stock Reserve To Support ESA: Reserve For Rolling Stock (M-9A)"
G6150102,"Liability Reserve"
G6160101,"Miscellaneous Engineering And Program Support"
G6160102,"Independent Engineering Consultant"
T7030212,"Depot Bus Location System"
T7030224,"All-Electric Bus (Aeb) Chargers For 5 Bus Depots"
T7030201,"Purchase 628 Standard Diesel Buses - Design Only"
T7030202,"Purchase 138 Standard Cng Buses"
T7030203,"Purchase 165 Standard Hybrid Buses (Nova)"
T7030204,"Purchase (0) Standard Hybrid-Electric Buses"
T7030205,"Purchase 15 Articulated Electric Buses & Depot Chargers"
T7030206,"Purchase 50 Express Buses"
T7030213,"Automatic Passenger Counting - Pilot & Phase 1"
T7030214,"Purchase 110 Articulated Cng Buses"
T7030215,"Automatic Vehicle Location Monitoring (Avlm) For Paratransit Vehicles"
T7030216,"Purchase 45 Standard Electric Buses"
T7030217,"Replace Integrated Farebox Unit (Ifu) Components"
T7030218,"Purchase 251 Standard Diesel Buses"
T7030219,"Purchase 367 Standard Diesel And 10 Hybrid-Electric Buses"
T7030220,"Purchase 72 Diesel Articulated Buses"
T7030221,"Purchase 108 Diesel Articulated Buses"
T7030222,"Purchase Electric Bus Opportunity Charger"
T7030223,"Purchase 110 Standard Hybrid Buses (New Flyer)"
T7040701,"Replace 11 Hydraulic Elevators At Various Locations"
T7040702,"Replace 12 Traction Elevators On The Broadway/7th Avenue Line"
T7040703,"Replace 8 Traction Elevators At Various Locations"
T7040704,"Replace 6 Traction Elevators On The 8th Avenue Line"
T7040705,"Replace 2 Hydraulic Elevators At Borough Hall On The Clark Street Line"
T7040706,"Replace 2 Escalators And 2 Stairs At Grand Central Station"
T7040707,"Replace 7 Escalators At Various Locations In The Bronx And Manhattan"
T7040708,"Replace 2 Escalators At Pelham Parkway On The White Plains Road Line"
T7040709,"Replace 6 Escalators At Various Locations"
T7040710,"Jay Street Escalator Realignment"
T7040711,"Replace 2 Hydraulic Elevators At Franklin Avenue On The Franklin Avenue Shuttle"
T7040712,"Replace 3 Escalators At Main Street On The Flushing Line"
T7040713,"Replace 5 Escalators At Various Locations In Brooklyn And Manhattan"
T7040714,"Replace Hydraulic Elevator At Grand Central On The Flushing Line"
T7040715,"Replace 11 Elevators At 5 Stations - Design Only"
T7040716,"Replace 1 Elevator At Lexington Av-53 st Station On The Queens Boulevard Line - Design Only"
T7040717,"Replace 3 Escalators At 2 Stations - Design Only"
T7040718,"Replace 5 Escalators At 3 Stations - Design Only"
T7040721,"Replace 11 Hydraulic Elevators At 5 Stations Systemwide - Design Only"
T7041201,"Water Remediation - Renewal At Borough Hall Station On The Lexington Avenue Line"
T7041202,"Renewal Of 138 st - Grand Concourse Station On The Jerome Line"
T7041203,"Renewal Of Astoria-Ditmars Boulevard Station On The Astoria Line"
T7041204,"Renewal Of Astoria Boulevard Station On The Astoria Line"
T7041205,"Renewal Of 30 Avenue Station On The Astoria Line - Design Only"
T7041206,"Renewal Of Broadway Station On The Astoria Line - Design Only"
T7041207,"Renewal Of 36 Avenue Station On The Astoria Line - Design Only"
T7041208,"Renewal Of 39 Avenue Station On The Astoria Line - Design Only"
T7041209,"Renewal Of Mets-Willets Point Station On The Flushing Line - Design Only"
T7041210,"Renewal Of 111 Street Station On The Flushing Line"
T7041211,"Renewal Of 103 Street-Station Corona Plaza On The Flushing Line"
T7041212,"Renewal Of 82 Street Station-Jackson Heights On The Flushing Line"
T7041213,"Renewal Of Woodhaven Boulevard Station On The Jamaica Line"
T7041214,"Renewal Of 85 Street-Forest Parkway On The Jamaica Line"
T7041215,"Renewal Of 75 Street-Elderts Lane On The Jamaica Line"
T7041216,"Renewal Of Cypress Hills Station On The Jamaica Line"
T7041217,"Renewal Of 69 Street Station On The Flushing Line"
T7041218,"Renewal Of 61 Street Station-Woodside On The Flushing Line"
T7041219,"Renewal Of 52 Street Station On The Flushing Line"
T7041220,"Renewal Of 3 Avenue-138 Street Station On The Pelham Line - Design Only"
T7041221,"Ventilator Repairs At 2 Locations In The Bronx"
T7041222,"Component Repairs At 2 Stations On The 4th Avenue Line"
T7041223,"Platform Component Repairs At Kingston-Throop Avenue Station On The Fulton Line - Design Only"
T7041224,"Platform Component Repairs At 2 Locations On The Jerome Line - Design Only"
T7041225,"Platform Component Repairs At Pelham Parkway On The Dyre Line - Design Only"
T7041226,"Replacement Of Street Stairs At 2 Locations On The Broadway-7th Avenue Line (Sbmp) - Design Only"
T7041228,"Repair Of Subway Interior Stairs At 9 Locations On Various Lines"
T7041229,"Repair Of Subway Street Stairs At 59 Street On The 4th Avenue Line (Sbmp)"
T7041231,"Station Lighting At 3 Locations On Various Lines (Sbmp)"
T7041234,"Platform Component Repairs At 167 Street On The Grand Concourse Line - Design Only"
T7041235,"Repair Of Platform Components At Bedford-Nostrand On The Crosstown Line"
T7041236,"Repair Of Platform Components At Longwood Avenue On The Pelham Line"
T7041237,"Repair Of Platform Components At 2 Locations On The Lenox Line"
T7041238,"Repair Of Platform Components At 2 Locations On The Flushing Line - Design Only"
T7041240,"Repair Of Elevated Interior Stairs At Junction Boulevard On The Flushing Line (Sbmp) - Design Only"
T7041241,"Repair Of Interior Stair At 14 St-Union Square On The Lexington Avenue Line (Sbmp) - Design Only"
T7041242,"Repair Of Elevated Street Stairs At 2 Locations On The White Plains Road Line (Sbmp) - Design Only"
T7041243,"Repair Of Subway Street Stairs At 4 Locations On Various Lines (Sbmp) - Design Only"
T7041244,"Repair Of Mezzanine Columns At Atlantic Avenue Station On The Canarsie Line - Design Only"
T7041245,"Repair Of Mezzanine Ceiling Finishes At 2 Locations On The Archer And Flushing Lines (Sbmp) - Design Only"
T7041246,"Repair Of Platform Components At 4 Locations On The Queens Boulevard And Archer Lines - Design Only"
T7041247,"Station Lighting At 4 Locations On Various Lines (Sbmp)"
T7041250,"Repair Platform Components At 2 Locations On The Nassau Loop - Design Only"
T7041251,"Repair Of Platform Components At 5 Locations On The Canarsie Line"
T7041252,"Repair Of Platform Components At 3 Locations On The Eastern Parkway And Clark Street Lines"
T7041254,"Repair Of Elevated Interior Stairs At Atlantic Avenue On The Canarsie Line (Sbmp)"
T7041256,"Repair Of Elevated Street Stairs At Atlantic Avenue On The Canarsie Line (Sbmp) - Design Only"
T7041257,"Repair Of Street Stairs At 9 Locations (Sbmp) - Design Only"
T7041258,"Repair Mezzanine Components At Nevins Street On The Eastern Parkway Line (Sbmp)"
T7041259,"Repair Mezzanine Wall Finishes At Bowery On The Nassau Loop (Sbmp)"
T7041260,"Repair Of Platform Components At 2 Locs On The Queens Boulevard Line - Design Only"
T7041261,"Repair Platform Edges At 2 Locations On The Queens Boulevard Line - Design Only"
T7041262,"Station Lighting At Canal st On The Nassau Loop Line And 7th Ave On The 6th Ave Line (Sbmp)"
T7041263,"Platform Component Repairs At 3 Locations On The Nostrand Avenue Line"
T7041264,"Ventilator Repairs At 179 St-Jamaica Station On The Queens Boulevard Line"
T7041265,"Repair Platform Components At 2 Locations On The Brighton Line - Design Only"
T7041266,"Repair Platform Components At 8 Locations On The 8 Avenue Line - Design Only"
T7041267,"Repair Platform Components At 5 Locations On The Broadway-7 Avenue Line - Design Only"
T7041269,"Repair Interior Stairs At Ocean Parkway On The Brighton Line (Sbmp)"
T7041270,"Repair Interior Stairs At 2 Locations On The 8 Avenue And Broadway-7 Avenue Line (Sbmp) - Design Only"
T7041271,"Repair Elevated Street Stairs At 2 Locations On The Brighton Line (Sbmp) - Design Only"
T7041272,"Repair Street Stairs At 4 Locations On The 8 Avenue And Broadway-7 Avenue Line (Sbmp) - Design Only"
T7041273,"Repair Mezzanine Components At 3 Locations On The 8 Avenue And Lexington Avenue Lines (Sbmp)"
T7041274,"Station Lighting At 6 Locations On Various Lines"
T7041276,"Repair Platform Components At 4 Locations On The 6 Avenue And East 63 Street Lines - Design Only"
T7041277,"Repair Platform Components At 6 Locations On The Lexington Avenue Line - Design Only"
T7041278,"Repair Platform Edges At Freeman Street On The White Plains Road Line"
T7041280,"Repair Interior Stairs At 4 Avenue-9 Street On The 6 Avenue Line (Sbmp)"
T7041281,"Repair Interior Stairs At West 4th Street On The 8 Avenue Line (Sbmp) - Design Only"
T7041282,"Repair Elevated Street Stairs At 3 Locations On The White Plains Road Line (Sbmp)"
T7041283,"Repair Street Stairs At 50 Street On The 8 Avenue Line (Sbmp)"
T7041284,"Repair Mezzanine Components At 149 St-Grand Concourse On The White Plains Road Line (Sbmp)"
T7041285,"Repair Mezzanine Floors At 23 Street On The 8 Avenue Line (Sbmp) - Design Only"
T7041286,"Station Lighting At 3 Locations On Various Lines (Sbmp) - Design Only"
T7041287,"Repair Station Components At 3 Locations On The 8 Avenue Line - Design Only"
T7041288,"Repair Interior Stairs At 59 Street On The 4 Avenue Line"
T7041289,"Repair Street Stairs At 59 Street On The 4 Avenue Line"
T7041291,"Repair Of Subway Interior Stairs At Canal Street On The Broadway Line (Sbmp)"
T7041292,"Enhanced Station Initiative: Package 4 - 34th St-Penn Station On The Broadway-7th Avenue Line"
T7041293,"Enhanced Station Initiative: Package 2 - Broadway On The Astoria Line"
T7041294,"Enhanced Station Initiative: Package 2 - 30 Avenue On The Astoria Line"
T7041295,"Enhanced Station Initiative: Package 2 - 36 Avenue On The Astoria Line"
T7041296,"Enhanced Station Initiative: Package 2 - 39 Avenue On The Astoria Line"
T7041297,"Enhanced Station Initiative: Package 1 - Bay Ridge Avenue On The 4th Avenue Line"
T7041298,"Enhanced Station Initiative: Package 1 - Prospect Avenue On The 4th Avenue Line"
T7041299,"Enhanced Station Initiative: Package 1 - 53Rd Street On The 4th Avenue Line"
T70412A1,"Repair Of Elevated Street Stair At 238 Street On The Broadway-7 Avenue Line (Sbmp)"
T70412A2,"Repair Of 2 Elevated Street Stairs At 215 Street On The Broadway-7 Avenue Line (Sbmp)"
T70412A3,"Repair Of 2 Elevated Street Stairs At 215 Street On The Broadway-7 Avenue Line (Sbmp)"
T70412A4,"Repair Of 2 Elevated Street Stairs At 238 Street On The Broadway-7 Avenue Line (Sbmp)"
T70412A6,"Repair Of Platform Components At 125 Street On The Broadway-7 Avenue Line"
T70412A9,"Repair Of Subway Street Stairs At 34 Street On The Broadway Line (Sbmp)"
T70412B1,"Repair Subway Street Stair At 34 Street On The Broadway Line (Sbmp)"
T70412B2,"Repair Of Subway Street Stair At 34 Street On The Broadway Line (Sbmp)"
T70412B3,"Repair Of Subway Street Stair At 59 Street On The 4 Avenue Line (Sbmp)"
T70412B4,"Enhanced Station Initiative: Package 3 - Ventilator Repairs At 163 Street On The 8 Avenue Line"
T70412B5,"Enhanced Station Initiative: Package 4 - Ventilator Repairs At 23 Street On The 6 Avenue Line"
T70412B6,"Enhanced Station Initiative: Package 5 - Ventilator Repairs At Clinton-Washington Avenues On The Fulton Line"
T70412B7,"Enhanced Station Initiative: Package 5 - Ventilator Repairs At Van Siclen Avenue On The Fulton Line"
T70412B8,"Enhanced Station Initiative: Package 5 - Ventilator Repairs At Classon Avenue On The Crosstown Line"
T70412B9,"Enhanced Station Initiative: Package 6 - Ventilator Repairs At Hunts Point Avenue On The Pelham Line"
T70412C1,"Enhanced Station Initiative: Package 8 - Ventilator Repairs At 167 Street On The Concourse Line"
T70412C2,"Enhanced Station Initiative: Package 3 - 163 st -Amsterdam Ave On 8th Avenue Line"
T70412C3,"Enhanced Station Initiative: Package 3 - Cathedral Parkway On The 8th Avenue Line"
T70412C4,"Enhanced Station Initiative: Package 3 - 86 Street On The 8th Avenue Line"
T70412C5,"Enhanced Station Initiative: Package 3 - 72 Street On The 8th Avenue Line"
T70412C6,"Enhanced Station Initiative: Package 6 - Ventilator Repairs At 3 Avenue-138 Street On The Pelham Line"
T70412C9,"Enhanced Station Initiative: Package 4 - 57 Street On The 6th Avenue Line"
T70412D1,"Enhanced Station Initiative: Package 4 - 23 Street On The 6th Avenue Line"
T70412D2,"Enhanced Station Initiative: Package 4 - 28 Street On The Lexington Avenue Line"
T70412D3,"Enhanced Station Initiative: Package 4 - 34th St-Penn Station On The 8th Avenue Line"
T70412D4,"Enhanced Station Initiative: Package 7 - Parsons Boulevard On The Queens Boulevard Line"
T70412D5,"Enhanced Station Initiative: Package 7 - 67 Avenue On The Queens Boulevard Line"
T70412D6,"Enhanced Station Initiative: Package 7 - Northern Boulevard On The Queens Boulevard Line"
T70412E8,"Enhanced Station Initiative: Package 8 - 174-175 Streets On The Concourse Line"
T70412E9,"Enhanced Station Initiative: Package 8 - 167 Street On The Concourse Line"
T70412F1,"Enhanced Station Initiative: Package 8 - 145 Street On The Lenox Line"
T70412F2,"Ventilator Water Remediation At 3 Avenue-138 Street On The Pelham Line (Sbmp)"
T70412F3,"Repair Subway Street Stair At Bowery On The Nassau Loop (Sbmp)"
T70412F4,"Repair Subway Street Stairs At 14 Street On The 6 Avenue Line"
T70412F5,"Repair Subway Street Stair At 2 Avenue On The 6 Avenue Line (Sbmp)"
T70412F6,"Repair Subway Street Stair At Carroll Street On The 6 Avenue Line (Sbmp)"
T70412F7,"Repair Subway Street Stair At Church Avenue On The 6 Avenue Line (Sbmp)"
T70412F9,"Repair Subway Street Stair At Bergen Street On The Eastern Parkway Line (Sbmp)"
T70412G1,"Repair Subway Street Stair At Sterling Street On The Nostrand Line (Sbmp)"
T70412G2,"Repair Subway Street Stair At Winthrop Street On The Nostrand Line (Sbmp)"
T70412G3,"Station Painting At Dekalb Ave On The Canarsie Line"
T70412G5,"Repair Subway Street Stairs At 155 Street On The 8 Avenue Line (Sbmp)"
T70412G6,"Repair Subway Street Stairs At Franklin Street On The Broadway-7 Avenue Line (Sbmp)"
T70412G7,"Repair Subway Street Stair At 14 Street On The Broadway-7 Avenue Line (Sbmp)"
T70412G8,"Repair Subway Street Stair At 79 Street On The Broadway-7 Avenue Line (Sbmp)"
T70412G9,"Renewal Of 95 Street Station On The 4 Avenue Line"
T70412H1,"Repair 3 Subway Street Stairs At 57 Street On The Broadway Line (Sbmp)"
T70412H2,"Repair 1 Subway Street Stair At 57 Street On The Broadway Line (Sbmp)"
T70412H3,"Repair 3 Subway Street Stairs At 57 Street On The Broadway Line (Sbmp)"
T70412H4,"Repair Subway Street Stairs At Vernon Blvd - Jackson Av On The Flushing Line (Sbmp)"
T70412H5,"Repair 1 Subway Street Stair At Grand Ave - Newtown On The Queens Blvd Line (Sbmp)"
T70412H6,"Repair Subway Street Stairs At Kingsbridge Road On The Concourse Line (Sbmp)"
T70412H7,"Repair 1 Subway Street Stair At Fulton st On The Crosstown Line (Sbmp)"
T70412H8,"Repair Elevated Street Stairs At Brighton Beach On The Brighton Line (Sbmp)"
T70412H9,"Repair Elevated Street Stairs At Ocean Pkwy On The Brighton Line (Sbmp)"
T70412I1,"Platform Structural Repairs At 14 St-Union Square Station On The Canarsie Line"
T70412I4,"Ventilator Repairs At 4 Locations In Manhattan (Upper)"
T70412I5,"Ventilator Repairs At 4 Locations In Brooklyn"
T70412I6,"Station Lighting At 3 Locations On Various Lines"
T70412I7,"Repair Mezzanine Components At Nevins Street On The Eastern Parkway Line (Sbmp) - East"
T70412I8,"Repair Mezzanine Components At Nevins Street On The Eastern Parkway Line (Sbmp) - West"
T70412I9,"Platform Component Repairs At Neptune Ave On The Culver Line - Design Only"
T70412J1,"Ventilator Repairs At 4 Locations In Manhattan (Upper West / Midtown)"
T70412J2,"Repair Of Subway Street Stair (S4/M5) At Canal Street On The 8th Avenue Line (Sbdp) - Design Only"
T70412J3,"Repair Of Subway Street Stair (S5) At 8 Street-Nyu On The Broadway Line (Sbdp) - Design Only"
T70412J4,"Repair Of Subway Street Stair (S4/P6) At Prince Street On The Broadway Line (Sbdp) - Design Only"
T70412J5,"Repair Of Subway Street Stair (S5) At Jay Street-Metrotech On The Broadway Line (Sbdp) - Design Only"
T70412J6,"Repair Of Subway Street Stair (S6) At Vernon Boulevard-Jackson Avenue On The Flushing Line (Sbdp) - Design Only"
T70412J7,"Repair Of Subway Street Stair (S2/P2) At 145 Street On The Broadway-7th Avenue Line (Sbdp) - Design Only"
T70412J8,"Repair Of Subway Street Stair (S5) At 3 Avenue-138 Street On The Pelham Line (Sbdp) - Design Only"
T70412J9,"Repair Of Subway Street Stair (S1/P1) At Spring Street On The Lexington Avenue Line (Sbdp) - Design Only"
T70412K1,"Repair Of Subway Street Stair (S7) At Main Street On The Flushing Line (Sbdp) - Design Only"
T70412K2,"Repair Of Subway Street Stair (S1) At Grand Avenue-Newtown On The Queens Boulevard Line (Sbdp) - Design Only"
T70412K3,"Ventilator Repairs At 3 Locations In Manhattan And Brooklyn"
T70412L1,"Renewal Of 14th Street Station On The Broadway-7th Avenue Line - Design Only"
T70412L2,"Platform Component Repairs At 14th Street On The 6th Avenue Line"
T70412L7,"Ventilator Repairs At 50 Street On The Broadway-7 Avenue Line (Sbmp)"
T70412L8,"Church Street Corridor Improvements"
T70412L9,"Reconstruct Cortlandt Street Station - Broadway-7th Avenue Line"
T7041232,"Ventilator Repairs At Various Locations"
T7041248,"Ventilator Repairs At Various Locations"
T7041253,"Reserve: 2017 Station Painting At Components Locations"
T7041268,"Reserve: 2018 Station Painting At Components Locations"
T7041275,"Ventilator Repairs At Various Locations"
T7041279,"Reserve: 2019 Station Painting At Components Locations"
T7041290,"Enhanced Station Initiative"
T7041301,"ADA Accessibility At Bedford Avenue Station On The Canarsie Line"
T7041302,"ADA Accessibility At Astoria Boulevard Station On The Astoria Line"
T7041303,"ADA Accessibility At Bedford Park Boulevard Station On The Bronx Concourse Line"
T7041304,"ADA Accessibility At 86 Street Station On The 4 Avenue Line"
T7041305,"ADA Accessibility At Gun Hill Road Station On The Dyre Line"
T7041306,"ADA Accessibility At Eastern Parkway-Brooklyn Museum Station On The Eastern Parkway Line"
T7041307,"ADA Accessibility At Times Square Shuttle - Phase 3"
T7041308,"ADA Accessibility At Chambers Street Station On The Nassau Loop"
T7041309,"ADA Accessibility At Greenpoint Avenue Station On The Crosstown Line"
T7041310,"ADA Accessibility At 59 Street Station On The 4 Avenue Line"
T7041311,"ADA Accessibility At Rockaway Parkway Station On The Canarsie Line"
T7041312,"ADA Accessibility At 1st Avenue Station On The Canarsie Line"
T7041314,"ADA Accessibility At Court Square Station On The Crosstown Line"
T7041316,"ADA Accessibility At Woodhaven Boulevard Station On The Jamaica Line"
T7041318,"Visual Identification Of ADA Boarding Areas Pilot"
T7041319,"ADA Accessibility At Livonia Avenue-Junius Street - Design Only"
T7041320,"ADA Accessibility At Court Square Station On The Crosstown Line - Stair Phase"
T7041321,"ADA Accessibility And Renewal At 77 st Station On The 4th Avenue Line - Design Only"
T7041322,"ADA Accessibility At 95 st Station On The 4th Avenue Line"
T7041323,"ADA Accessibility At 57 st Station On The Broadway Line: Additional Support Costs"
T7041324,"ADA Accessibility At 68 St-Hunter College Station On The Lexington Av Line"
T7041326,"ADA Accessibility At Times Square Shuttle - Phase 3 (Sbdp)"
T7041327,"ADA Accessibility And Station Improvements At Westchester Square Station On The Pelham Line"
T7041330,"ADA Accessibility Design And New Stair At 14 Street - 6 Avenue / 7 Avenue Station Complex"
T7041331,"ADA Accessibility At Livonia Ave On The Canarsie Line"
T7041332,"ADA Accessibility At 170 Street On The Jerome Line"
T7041333,"ADA Accessibility At Broadway Junction On The Fulton Street Line - Design Only"
T7041335,"ADA Accessibility At Queensboro Plaza On The Flushing Line"
T7041339,"ADA Accessibility At Broadway Junction Complex On The Canarsie, Jamaica And Fulton Lines - Design Only"
T7041340,"ADA Accessibility At Avenue H On The Brighton Line (Northbound) - Design Only"
T7041341,"ADA Accessibility At Neptune Ave On The Culver Line - Design Only"
T7041342,"ADA Accessibility At Ave I On The Culver Line - Design Only"
T7041343,"ADA Accessibility At Kings Highway On The Culver Line - Design Only"
T7041344,"ADA Accessibility At Mosholu Parkway Station On The Jerome Avenue Line - Design Only"
T7041345,"Station Enhancements On The Canarsie Line"
T7041346,"ADA Accessibility At 6 Avenue Station On The Canarsie Line"
T7041347,"ADA Accessibility At 14 Street Station On The 6 Avenue Line"
T7041348,"ADA Accessibility At 14 Street Station On The Broadway-7 Avenue Line"
T7041350,"Penn Station Ny-33Rd Corridor (Phase 2: Additional Elevator At 34 st On The Broadway-7 Av Line"
T7041351,"Station Finishes At Bedford Avenue And 1st Avenue Stations On The Canarsie Line (SBFP)"
T7041353,"Rehabilitate West Mezzanine Stair And Corridor At Eastern Parkway-Brooklyn Museum On The Eastern Parkway Line (Sbdp) - Design Only"
T7041315,"ADA Accessibility At 149 Street-Grand Concourse Complex"
T7041338,"ADA Accessibility At Tremont Avenue On The Concourse Line"
T7041317,"ADA Systemwide Study"
T7041328,"ADA Enhancements At Various Locations"
T7041402,"Access Improvements: Grand Central, Phase 2"
T7041403,"Station Entrance And Structural Work At 8 Avenue On The Sea Beach Line"
T7041404,"Reconstruction Of Times Square Shuttle - Phase 3"
T7041409,"Reconstruct Cortlandt Street Station - Broadway-7th Avenue Line"
T7041410,"Church Street Corridor Improvements"
T7041411,"New Street Stairs At 2 Locations On The Canarsie Line"
T7041412,"Study For 42nd Street Shuttle"
T7041413,"Livonia Avenue - Junius Street Station Connector - Design Only"
T7041415,"Station Capacity Enhancements At Myrtle Avenue On The Jamaica Line - Design Only"
T7041416,"Circulation Improvements At Union Square On The Canarsie Line"
T7041417,"Planning & Engineering Study At Sutphin Blvd-Archer Av"
T7041418,"Station Capacity Enhancements At Metropolitan Avenue On The Crosstown Line"
T7041419,"Station Capacity Enhancements At Broadway Junction On The Jamaica Line"
T7041420,"Station Capacity Enhancements At Marcy Avenue On The Jamaica Line"
T7041422,"Station Capacity Enhancements At Main st On The Flushing Line"
T7041423,"Fare Control Upgrade At Sutphin Boulevard-Archer Avenue-Jfk Airport On The Archer Avenue Line"
T7041424,"Access Improvements: Grand Central-42nd Street On The Flushing Line - Center Core East - Design Only"
T7041425,"Access Improvements: Grand Central-42nd Street On The Flushing Line - Stairs Pl8/Pl9 - Design Only"
T7041426,"Access Improvements: Grand Central-42nd Street On The Lexington Avenue Line - Stairs U2/U6 - Design Only"
T7041429,"Sutphin Blvd-Archer Ave Communication And Security Upgrades - Design Only"
T7041432,"Reconstruct Cortlandt Street Station: Outstanding Work"
T7041401,"Station Signage At Various Locations"
T7041405,"Water Condition Remedy - 2015"
T7041406,"Station Railings - Design Only"
T7041407,"Station Condition Survey Update"
T7041408,"Water Condition Remedy - 2017"
T7041421,"Station Circulation Enhancements At Various Locations"
T7041430,"Midtown Corridor Project Management"
T7041431,"Other Station Improvements"
T7040401,"New Fare Payment System - Omny, Phase 2"
T7040402,"Procurement Of Low Turnstile Automated Fare Control"
T7040403,"Replace Automated Fare Collection (Afc) Components"
T7040404,"Fare Control Area Improvements"
T7040405,"Fare Collection Reserve For Omny"
T7060501,"Replace Tunnel Lighting For 2nd Avenue-63Rd Street Connection"
T7060502,"Replace Vent Plant Motor Control System At Various Locations"
T7060503,"Replace Supervisory Vent Controls At Various Locations"
T7060504,"New Vent Plant At Grand Central Station On The Lexington Avenue Line - Design Only"
T7060505,"Rehabilitation Of Vent Plant Damper System At Various Locations - Design Only"
T7060506,"Rehabilitation Of Vent Plant At Forsyth Street On The 6th Avenue Line"
T7060508,"Construct Pump Room At Rockwell Place On The 4th Avenue Line - Design Only"
T7060509,"Replace Supervisory Vent Controls At 2 Locs On The Canarsie Line"
T7060510,"Upgrade Fan Plant Control At The Backup Command Center - Design Only"
T7060511,"Replace Supervisory Vent Controls At 2 Locs On The Flushing Line - Design Only"
T7060512,"Deep Wells Back-Flushing On The Crosstown Line - Design Only"
T7060513,"Deep Wells Back-Flushing On The Fulton Line - Design Only"
T7060514,"Replace Tunnel Lighting From Roosevelt Ave-Elmhurst Ave On The Queens Boulevard Line"
T7060507,"Ventilation System Strategy Study"
T7070301,"Structural Rehabilitation From Boston Road To East 180th Street Abutment On White Plains Road Line"
T7070302,"Structural Replacement Of The Bridge Over Atlantic Railroad On The Myrtle Line"
T7070303,"Structural Rehabilitation Of Livonia Yard Overpass & Retaining Walls"
T7070304,"Structural Replacement Of Viaduct And Deck On The Myrtle Line"
T7070305,"Elevated Structural Repair Of Over-Land Section On The Rockaway Line - Design Only"
T7070310,"Overcoat Painting And Steel Repairs At 17 Bridges On The Dyre Line"
T7070311,"Overcoat Painting And Steel Repair At Williamsburg Bridge At Myrtle Avenue On The Jamaica Line - Design Only"
T7070312,"Overcoat Painting And Steel Repair At 157 Street Portal - 164 Street On The Jerome Line"
T7070313,"Overcoat Painting And Steel Repair At 72 Street To 104 Street On The Flushing Line"
T7070314,"Overcoat Painting And Steel Repair At Myrtle Avenue To Desales On The Jamaica Line - Design Only"
T7070315,"Overcoat Painting And Steel Repair At East New York Leads And Loops - Design Only"
T7070316,"Overcoat Painting And Steel Repair At Broadway To End Of Line On The Myrtle Line"
T7070317,"Overcoat Painting And Steel Repair At 48 Street To 72 Street On The Flushing Line"
T7070320,"Structural Repair Vent Chambers Between Stations - Design Only"
T7070321,"Priority Structural Repairs On The 4th Avenue Line - Phase 2"
T7070322,"Overcoat Painting At 9 Avenue Portal To 79 Street West End Line - Design Only"
T7070329,"Structural Repairs Of The LIRR Underpass At 8th Avenue Station On The Sea Beach Line"
T7070330,"Rehabilitation Of Emergency Exits At 2 Locations"
T7070334,"Overcoat Painting From Kings Highway-West 8th Street On The Culver Line"
T7070335,"Overcoat Painting From Church Ave Portal-Kings Highway On The Culver Line"
T7070337,"Line Structure Component Repairs At 1st Avenue And Bedford Avenue On The Canarsie Line"
T7070338,"Line Structure Component Repairs At Hoyt-Schermerhorn On The Crosstown Line"
T7070340,"Structural Rehabilitation Of Livonia Yard Abutment & Retaining Walls (Sbmp)"
T7070341,"Repair Vents Between Stations From East 192 st To East 198 st On The Concourse Line (Sbdp)"
T7070342,"Repair Vents Between Stations From East 198 st To East 205 st On The Concourse Line (Sbdp) - Design Only"
T7070343,"Structural Repairs At 61 St-Woodside Station On The Flushing Line - Design Only"
T7070344,"Repair 'A' And Priority 'B' Column Base Conditions On The White Plains Road Line"
T7070345,"Rehabilitation Of The Culver Line Viaduct Additional Work - Design Only"
T7070346,"Replace Electrical & Mechanical Equipment At South Channel Bridge On The Rockaway Line - Design Only"
T7070348,"Overcoat Painting And Steel Repair At 79 Street To 24 Avenue On The West End Line - Design Only"
T7070349,"Overcoat Painting And Steel Repair At 24 Avenue To Stillwell Terminal On The West End Line - Design Only"
T7070353,"Contract Support For Various Superstorm Sandy Projects"
T7070357,"Overcoat Painting At East 180 Street Flyover On The Dyre Line"
T7070306,"Rehabilitation Of Emergency Exits - Design Only"
T7070307,"Rehabilitation Of Emergency Exits At Various Locations"
T7070308,"Rehabilitation Of Emergency Exits At Various Locations"
T7070319,"Reserve: Line Structure Component Repair Program"
T7070323,"Line Structure Component Repairs On The Eastern Parkway Line"
T7070324,"Line Structure Component Repairs In Uptown Manhattan And Queens On The Lexington, Queens Boulevard And Crosstown Lines - Design Only"
T7070325,"Line Structure Component Repairs On The Culver And Brighton Lines - Design Only"
T7070326,"Line Structure Component Repairs On The 4 Avenue Line - Design Only"
T7070327,"Rehabilitation Of Emergency Exits At 4 Locations"
T7070328,"Rehabilitation Of Emergency Exits At 3 Locations"
T7070331,"Line Structure Component Repairs On The Concourse Line - Design Only"
T7070332,"Line Structure Component Repairs In Downtown Manhattan On The Broadway And 8 Avenue Lines - Design Only"
T7070333,"Line Structure Component Repairs In Uptown Manhattan On The Broadway-7 Avenue And 8 Avenue Lines - Design Only"
T7070336,"Structural Repair Vent Chambers Between Stations (Sbdp)"
T7070339,"Line Structure Component Repairs - Design Only"
T7070347,"Elevated Structures Netting: Various Locations"
T7070350,"East Side Access: Nyct Related Work"
T7070351,"Rehabilitate Two Westchester Avenue Bridges On The Pelham Line - Design Only"
T7070352,"Overcoat Painting And Steel Repair At Queensboro Plaza To 33 Street On The Flushing Line - Design Only"
T7070354,"Plenum Plate Demolition And Associated Structure Rehabilitation On The Eastern Parkway Line - Design Only"
T7070355,"Lower Level Structure Repairs At Nevins Street Station On The Eastern Parkway Line - Design Only"
T7070356,"Additional Design - 14th st Corridor"
T7080301,"Install Communication-Based Train Control On The Queens Boulevard Line West - Phase 2"
T7080302,"Communications-Based Train Control (CBTC) Technical Support Contract On The Flushing Line"
T7080304,"Install Communication-Based Train Control (CBTC) On The 8 Avenue Line From 59 Street To High Street"
T7080306,"Install Automatic Signals For Work Trains On The Canarsie Line"
T7080307,"Modernize Signal Interlocking At Ditmas Avenue On The Culver Line"
T7080308,"Modernize Signal Interlocking At Kings Highway On The Culver Line"
T7080317,"Modernize Signal Interlocking At 30 Street On The 8 Avenue Line"
T7080318,"Modernize Signal Interlocking At 42 Street North On The 8 Avenue Line"
T7080322,"Ac To Dc Line Relay Conversion On The Crosstown Line"
T7080330,"Modernize Signal Interlocking At Parsons Boulevard On The Queens Boulevard Line - Design Only"
T7080332,"Install Communication-Based Train Control (CBTC) From Church Avenue To West 8 Street On The Culver Line"
T7080333,"Modernize Signal Interlocking At Avenue X On The Culver Line"
T7080335,"Modernize 2 Signal Interlockings: 30 Street And 42 Street North On The 8 Avenue Line"
T7080340,"Install Communication-Based Train Control (CBTC): Queens Blvd East And Interlockings - Design Only"
T7080341,"Install Communication-Based Train Control (CBTC): Lexington Ave Line And Interlockings - Design Only"
T7080343,"Mainline Switch Replacement On The CBTC Culver Line"
T7080344,"Mainline Switch Replacement On The CBTC 8 Avenue Line"
T7080345,"Mainline Switch Replacement At Kings Highway Interlocking On The Culver Line"
T7080350,"Install Communication-Based Train Control On The Queens Boulevard Line West - Phase 1"
T7080319,"Modification To Signal Control Lines - Phase 6"
T7080321,"Ac To Dc Line Relay Conversion On The Fulton Line"
T7080323,"Modification Of Signal Key-By Circuits - Phase 4"
T7080324,"Code Cable Replacement On The Broadway-7 Avenue Line"
T7080325,"Signal Room Fire Suppression, Phase 2"
T7080326,"Life Cycle Replacement Of Code Systems"
T7080327,"Life Cycle Modification Of Speed Enforcement Systems"
T7080329,"Upgrade 25 Hz Ac Main Cable And De-Ion Switches - Design Only"
T7080331,"Eliminate Single Point Failure Of Interlocking Control At 21 Locations On The A Division"
T7080334,"Cable Messenger Brackets Replacement On The Brighton Line"
T7080336,"Emergency Signal Power Upgrade"
T7080337,"Subway Action Plan: Signals Improvements"
T7080338,"Signal Technology Upgrades"
T7080339,"Subway Action Plan: Upgrade/Modernization Of Signal Technology"
T7080342,"CBTC: Carborne Equipment Purchase"
T7080346,"Ultra-Wideband Based Train Control Pilot Program"
T7080347,"Signal Modernization On The Crosstown Line And 3 Interlockings - Design Only"
T7080348,"Subway Action Plan: Mechanical Plug-In Timer Relays Replacement"
T7080349,"Subway Action Plan: Signal Quality Enhancements"
T7080603,"Private Branch Exchange (Pbx) System Upgrade"
T7080609,"Communication Room Upgrade And Expansion - Phase 2"
T7080610,"Help Point At 64 Stations (Transit Wireless)"
T7080611,"Help Point At 28 Stations (In-House)"
T7080613,"Replacement Of Public Address/Customer Information Screens Electronics On The Canarsie Line"
T7080618,"Platform Safety Technology Rollout"
T7080620,"Help Point At 49 Stations"
T7080621,"Help Point At 71st And 79th Street Stations On The West End Line (Sbmp)"
T7080622,"Help Point At Lorimer Street And Marcy Avenue Stations On The Jamaica Line (Sbmp)"
T7080623,"Help Point At Rockaway Boulevard And 111 Street - Greenwood Avenue Stations On The Liberty Line (Sbmp)"
T7080624,"Help Point At Fort Hamilton Parkway Station On The West End Line And Avenue U Stations On The Culver Line (Sbmp)"
T7080625,"Help Point At Simpson Street And Prospect Avenue Stations On The White Plains Road (Sbmp)"
T7080626,"Help Point At West 8 Street On The Coney Island Terminal Line (Sbmp)"
T7080627,"Help Point At Myrtle-Wyckoff Avenues Station On The Myrtle Line (Sbmp)"
T7080628,"Help Point At Woodlawn And 161st Street-Yankee Stadium Stations On The Jerome Line (Sbmp)"
T7080629,"Help Point At 61 Street-Woodside And 46 Street-Bliss Street Stations On The Flushing Line (Sbmp)"
T7080630,"Help Point At 225 Street Station On The Broadway 7th Avenue Line And 33 -Rawson Street Station On The Flushing Line (Sbmp)"
T7080631,"Help Point At Pelham Parkway And East Tremont Avenue Stations On The White Plains Road Line (Sbmp)"
T7080632,"Help Point At 39 Stations (In-House)"
T7080633,"Help Point At 49 Stations (Transit Wireless)"
T7080638,"Help Point At Ocean Parkway Station On The Brighton Line (Sbmp)"
T7080640,"B-Division Beacon Train Arrival System - Phase 2"
T7080642,"Help Point: Woodhaven Bd / QBL (Transit Wireless)"
T7080648,"Police Radio System: Enhanced Coverage (Steinway Tube)"
T7080652,"Pa/Cis Upgrade - Canarsie Line - Design Only"
T7080601,"Sonet/Atm Equipment Upgrade, Phase 1"
T7080602,"Upgrade Of Asynchronous Fiber Optic Network To Sonet"
T7080604,"Replacement Of Fiber Optic Cable - Phase 2"
T7080605,"Copper Cable Upgrade/Replacement - Phase 4"
T7080606,"Upgrade/Replacement Of Antenna Cable"
T7080607,"Uhf T-Band Radio System Replacement"
T7080612,"Reserve: Help Point"
T7080614,"Integrated Service Information & Management B-Division (Isim-B), Module 3"
T7080617,"Liftnet Transition To Ethernet"
T7080619,"Communication Room Upgrade And Expansion - Phase 2 (Sbdp) - Design Only"
T7080634,"Help Point Material Purchase"
T7080635,"Connection-Oriented Ethernet (Coe), Phase 2 Core Upgrade"
T7080636,"Connection-Oriented Ethernet (Coe), Phase 3 Station Expansion"
T7080637,"Connection-Oriented Ethernet (Coe), Physical Security Information Management (Psim) On Blade Servers"
T7080639,"Antenna Cable: Second Ave Connection / E63"
T7080641,"Help Point: Purchse 300 Access Node Units"
T7080643,"Pa/Cis Ph 2 Server System Upgrade - Design / Pilot"
T7080644,"Police Radio System: Enhanced Coverage"
T7080645,"Upgrade Of Asynchronous Fiber Optic Network To Sonet, Ring F - Design Only"
T7080646,"Antenna Cable Replacement: Next Generation Pilot And Testing"
T7080647,"Connection-Oriented Ethernet"
T7080649,"Connection-Oriented Ethernet (Coe) At 88 Stations, Phase 3B-1 (Sbmp)"
T7080650,"Connection-Oriented Ethernet (Coe) At 265 Stations, Phase 3B-2"
T7080651,"Help Point: Additional Work Systemwide"
T7080653,"Installation Of Passenger Identification Cameras At Various Stations (Sbdp) - Design Only"
T7080654,"Installation Of Passenger Identification Cameras At Various Stations - Design Only"
T7080655,"Connection-Oriented Ethernet (Coe), Phase 3C - Design Only"
T7090201,"Renewal Of Burnside Avenue Substation On The Concourse Line"
T7090202,"Renewal Of Avenue Z Substation On The Culver Line"
T7090203,"Substation Renewal & New Rectifier At Central Substation On The 6 Avenue Line"
T7090204,"Substation Roof Repair At Washington Heights Substation On The 8 Avenue Line (Sbmp)"
T7090205,"Replace 25Hz Frequency Converters At 11 Substations"
T7090206,"Replace High Tension Switchgear At Various Locations"
T7090208,"Rehab Substation Roof And Enclosure At Jerome-East 162nd Street Substation"
T7090209,"Replace Substation Roof And Enclosure At Gates Avenue-Ridgewood Substation (Sbmp)"
T7090210,"Install Low-Resistance Contact Rail In The Canarsie Tube"
T7090211,"Three New Substations On The Canarsie Line - Design Only"
T7090218,"Install Low-Resistance Contact Rail In The 53Rd Street Tube"
T7090219,"New Substation At Canal Street On The 8 Avenue Line"
T7090220,"New Substation At 28 Street On The 8 Avenue Line - Design Only"
T7090221,"New Substation At 14 Street-Avenue B On The Canarsie Line"
T7090222,"New Substation At Maspeth Avenue-Humboldt Street On The Canarsie Line"
T7090223,"New Substation At Harrison Place On The Canarsie Line"
T7090224,"Replace Substation Roof And Enclosure At Stanton Substation (Sbmp)"
T7090225,"Renewal Of Washington Heights Substation On The 8 Avenue Line - Design Only"
T7090226,"Renewal Of Village Substation On The 6 Avenue Line - Design Only"
T7090227,"Renewal Of Avenue O Substation On The Culver Line - Design Only"
T7090228,"Priority Repairs At The 78 Street Substation On The Queens Boulevard Line"
T7090230,"Replace Dc Lineup At 86 Avenue Substation On The Queens Boulevard Line - Design Only"
T7090207,"Replace High Tension Switchgear At Various Locations (Sbmp)"
T7090215,"Upgrade Supplemental Negative Cables On The Queens Boulevard Line"
T7090229,"New Substations On The Queens Boulevard East Line - Design Only"
T7090401,"Rehab Circuit Breaker House #586 On The Culver Line"
T7090403,"Rehab Circuit Breaker House #210 On The White Plains Road Line"
T7090404,"Rehab Circuit Breaker House #86 On The Canarsie Line"
T7090406,"Rehab Circuit Breaker House #85 And Construct New Ducts To Bedford-North 6th Street Substation On The Canarsie Line"
T7090407,"Rehab Circuit Breaker House #5 On The Broadway Line"
T7090411,"Rehab Ducts At Stanton Street Substation - Design Only"
T7090412,"Replace Power System Negative Cables On 4th Avenue Line, Phase 3A - Design Only"
T7090414,"Replace Control & Battery Cables At Control Zones"
T7090415,"Reconstruct Circuit Breaker House #392 On The Flushing Line"
T7090416,"Rebuild Ducts At Central Substation On The 6 Avenue Line"
T7090418,"Protection Of Cables On The Dyre Avenue Line - Design Only"
T7090420,"Construct New Ducts At Bedford-North 6th Street Substation On The Canarsie Line"
T7090421,"Rehab Enclosure: Circuit Breaker House #76 On The Jamaica Line"
T7090426,"Negative Cable Replacement On The 4th Avenue Line, Phase 3B - Design Only"
T7090427,"Rehab CBh #296 At Nostrand Avenue - Design Only"
T7090428,"Rehab CBh #93 At 120 Street - Design Only"
T7090429,"Rehab Circuit Breaker House #536 On The Liberty Line - Design Only"
T7090410,"Rehab Enclosures At Various Circuit Breaker Houses - Design Only"
T7090413,"Upgrade Supervisory Control And Data Acquisition (SCADA) System - Design Only"
T7090417,"Replace Power System Negative Cables On 4th Avenue Line, Phase 2"
T7090419,"Replace Emergency Alarms - Phase 1"
T7090422,"New Low Resistance Contact Rail On Lexington Ave Line - Design Only"
T7090423,"New Negative Side Feeders On Lexington Ave Line - Design Only"
T7090424,"New Negative Side Feeders On Queen Boulevard Line East - Design Only"
T7090425,"New Low Resistance Contact Rail On Queen Boulevard Line East - Design Only"
T7090430,"New Low Resistance Contact Rail On The 8th Avenue Line - Design Only"
T7090431,"New Negative Side Feeders On The 8th Avenue Line - Design Only"
T7100401,"Shop Component Repairs At Various Car Equipment Facilities - Phase 1"
T7100402,"207 Street Maintenance And Overhaul Shop Roof & Component Replacement"
T7100403,"Shop Component Repairs, Phase 2 At 3 Maintenance Facilities"
T7100404,"Shop Component Repairs, Phase 3 At Jerome Maintenance Facility (Sbmp)"
T7100405,"Shop Component Repairs, Phase 4 At 207 Street Administration Building"
T7100406,"Rehab Of Livonia Maintenance Shop - Phase 1 - Design Only"
T7100407,"Upgrade Central Electronics Shop At Woodside Facility"
T7100408,"Upgrade Atlantic Avenue Cable Shop - Phase 1 - Design Only"
T7100409,"Heavy Shop Equipment"
T7100422,"Yard Lighting At 207 Street Yard"
T7100423,"Yard Lighting At Coney Island Yard - Design Only"
T7100424,"Yard Fencing At 2 Locations"
T7100427,"Install Yard Closed-Circuit Television Systems - Phase 3"
T7100429,"Structural Remediation At East 180th Street Maintenance Facility Building And Retaining Wall"
T7100431,"Rehabilitation Of Maintenance Facility At Livonia Shop - Phase 1"
T7100432,"Rehab 207 st Overhaul Shop: Air-Conditioning Shop"
T7100433,"Upgrade Central Electronics Shop At Woodside Facility (Sbdp)"
T7100434,"Purchase Oil-Water Separators At 2 Car Equipment Facilities"
T7100436,"Purchase Closed Loop Filtration Systems At 2 Car Equipment Facilities"
T7100437,"Installation Of 600V Dc Feed And Equipment At 207 Street Overhaul Shop"
T7100438,"Installation Of Utilities And Equipment At 207 Street Overhaul Shop"
T7100439,"Replacement Of Windows At 207 Street Overhaul Shop"
T7100440,"Rehab Of Livonia Maintenance Shop - Phase 1 Hvac (Nypa)"
T7100441,"New Railcar Receiving Facility"
T7100442,"Yard Lighting At Coney Island, Stillwell And Culver - Design Only"
T7100443,"Dce Car Washer Component Repairs At Canarsie & Jamaica - Design Only"
T7100444,"Yard Lighting At Fresh Pond - Design Only"
T7100410,"2015 Yard Track Replacement"
T7100411,"2016 Yard Track Replacement"
T7100412,"2017 Yard Track Replacement"
T7100413,"2018 Yard Track Replacement"
T7100414,"2019 Yard Track Replacement"
T7100415,"2020 Yard Track Replacement - Design Only"
T7100416,"2015 Yard Switch Replacement"
T7100417,"2016 Yard Switch Replacement"
T7100418,"2017 Yard Switch Replacement"
T7100419,"2018 Yard Switch Replacement"
T7100420,"2019 Yard Switch Replacement"
T7100421,"2020 Yard Switch Replacement - Design Only"
T7100428,"Component Repairs At Various Car Cleaning Facilities - Design Only"
T7100430,"Car Equipment Shops Industrial Engineering Study"
T7100435,"Purchase 10 Hot Water Pressure Washers At Various Car Equipment Facilities"
T7100445,"Component Repairs At The 207th Street Railcar Overhaul Facility - Design Only"
T7120301,"Depot Modification For Articulated Buses At East New York Depot"
T7120302,"Replacement Of Roof At Gun Hill Depot"
T7120303,"Upgrade Of Heating Ventilation And Air Conditioning (Hvac) System At Queens Village Depot - Design Only"
T7120304,"Replacement Of Chassis Wash At Grand Avenue Depot (Sbmp)"
T7120305,"Component Rehab At Casey Stengel Depot - Design Only"
T7120306,"Replace Emergency Generator At Yukon Depot"
T7120307,"Upgrade Heating Ventilation And Air Conditioning (Hvac) System At Fresh Pond Depot"
T7120308,"Manhattanville Depot: Paving - Design Only"
T7120310,"New Depot: Jamaica - Design Only"
T7120311,"Upgrade Of Office Space At Zerega Central Maintenance Facility (Sbmp)"
T7120312,"Replacement Of Chassis Wash At Gun Hill Depot (Sbmp)"
T7120313,"Depot Modification For Articulated Buses At Jackie Gleason Depot (Sbmp)"
T7120314,"Upgrade Heating Ventilation And Air Conditioning (Hvac) System At Manhattanville Depot"
T7120315,"Upgrade Heating Ventilation And Air Conditioning (Hvac) System At Zerega Central Maintenance Facility"
T7120316,"Replacement Of Roof Topping And Expansion Joints At Kingsbridge Depot - Design Only"
T7120317,"Replacement Of Roof Topping And Expansion Joints At Michael J. Quill Depot - Design Only"
T7120318,"Construction Of New Jamaica Depot (Sbdp)"
T7120319,"Replacement Of Roof At Queens Village Depot"
T7120320,"Articulated Maintenance Bay Modifications At Jackie Gleason Depot"
T7120321,"Facade Repair And Window Replacement At East New York Depot"
T7120322,"New Modular Office At East New York Depot"
T7120323,"Demolition Of Buildings For Bus Parking At Jamaica Bus Depot (Sbmp)"
T7120324,"Paving Of Parking Levels At Manhattanville Bus Depot (Sbmp)"
T7120325,"Paving Of Ramps And Fare Collection Equipment Repairs At Manhattanville Bus Depot"
T7120326,"Roof Replacement At Fresh Pond Depot"
T7120327,"Depot Components: East New York (Nypa) - Design Only"
T7120401,"Replace 6 Bus Washers At 3 Depots - Design Only"
T7120402,"Paint Booth Upgrade (Sbmp)"
T7120405,"Storage Tank Replacement - Design Only"
T7120407,"Shoreline Upgrade At Kingsbridge Bus Depot"
T7120408,"Elevator Upgrade At 5 Depots"
T7120411,"Replace Oil-Water Separator At Casey Stengel Depot"
T7120413,"New Bus Washer At Zerega Central Maintenance Facility (Sbdp)"
T7120414,"Replacement Of Chassis Wash At Casey Stengel Depot (Sbmp)"
T7120415,"Replace 2 Bus Washers At Fresh Pond Road Depot (Sbmp)"
T7120416,"Replace 2 Bus Washers At Jackie Gleason Depot (Sbmp)"
T7120417,"Replace 2 Bus Washers At Queens Village Depot (SBFP)"
T7120418,"Automated Fuel Management System Upgrade"
T7120419,"Queens Depot Property And Environmental Prep - Design Only"
T7120421,"Storage Tank Replacement At East New York And Gun Hill Depots"
T7120422,"Storage Tank Replacement At Jackie Gleason And Castleton Depots"
T7120403,"Select Bus Service 2015-19"
T7120404,"Traffic Signal Priority - Phase 2"
T7120406,"Depot Equipment Replacement (Sbdp)"
T7120410,"Environmental And Design For North Shore Bus Rapid Transit"
T7120412,"Replacement Of Portable Bus Lifts"
T7120420,"Select Bus Service: Advance 240 Mfcs"
T7160401,"Upgrade Copper Cable At Livingston Plaza"
T7160402,"Data Storage And Server Enhancements At 2 Broadway And 130 Livingston Plaza"
T7160403,"Purchase Hp San Hardware For Disaster Recovery At 2 Broadway"
T7160404,"Replace Ibm P-Series/San For Disaster Recovery At 2 Broadway And 130 Livingston Street"
T7160405,"Replace Superdome Server At 2 Broadway"
T7160406,"Install Servers For Disaster Recovery And Business Continuity"
T7160408,"Enterprise Asset Management (Eam)"
T7160518,"Station Capacity Enhancements At Broadway Junction On The Jamaica Line - Design Only"
T7160519,"Station Capacity Enhancements At Marcy Avenue On The Jamaica Line - Design Only"
T7160521,"Station Capacity Enhancements At Union Street On The 4 Avenue Line - Design Only"
T7160522,"Station Capacity Enhancements At Main Street On The Flushing Line - Design Only"
T7160523,"Station Capacity Enhancements At Queensboro Plaza On The Flushing Line - Design Only"
T7160524,"Station Capacity Enhancements At Vernon Jackson Avenue On The Flushing Line - Design Only"
T7160525,"Station Capacity Enhancements At East Broadway On The 6 Avenue Line - Design Only"
T7160526,"Station Capacity Enhancements At 170 Street On The Jerome Line - Design Only"
T7160501,"Reserve: Scope Development"
T7160502,"Reserve: Design"
T7160503,"Engineering Services"
T7160504,"MTA Independent Engineering Consultant"
T7160505,"General Order Support Traffic Checkers"
T7160506,"Value Engineering Services"
T7160507,"Small Business Development Program Administration"
T7160508,"Construction Support Services"
T7160509,"Concrete Batch Plant Inspection"
T7160510,"Boring Services: Brooklyn, Queens, Staten Island"
T7160511,"Boring Services: Manhattan, Bronx"
T7160512,"Test Pits"
T7160513,"Concrete Cylinder Testing"
T7160515,"Utica Avenue Subway Extension Study"
T7160516,"Reserve: Core Station Improvement Project"
T7160517,"Reserve: Small Business Mentoring Program"
T7160520,"Staten Island West Shore Light Rail Alternatives Analysis"
T7160601,"Replace Fire Alarm Systems At 3 Locations"
T7160608,"Decommission Remediation System At Flatbush Depot (Sbmp)"
T7160609,"Decommission Remediation System At Kingsbridge Depot (Sbmp)"
T7160602,"Asbestos / Lead Air Monitoring"
T7160603,"Asbestos Abatement"
T7160604,"Asbestos Disposal"
T7160605,"Consultant Services For The Underground Storage Tanks And Environmental Remediation Program"
T7160606,"Groundwater And Soil Remediation"
T7160607,"Consultant Services For The Underground Storage Tanks (Usts) & Environmental Remediation Program"
T7160701,"Rehab Police District Office At 14 Street - Union Square - Design Only"
T7160703,"Employee Facility Consolidation At 2 Avenue Station On The 6 Avenue Line - Design Only"
T7160704,"Employee Facility Component Repairs At 7 Locs In Manhattan"
T7160705,"Employee Facility Component Repairs At 3 Locs"
T7160706,"Employee Facility Repairs At East Broadway On The 6 Avenue Line - Design Only"
T7160707,"Employee Facility Line Repairs At 10 Locations On The 8 Avenue Line - Phase 1"
T7160708,"Employee Facility Relocation Of Track Quarters At 14 Street-Union Square - Design Only"
T7160714,"Improvements To Electrical And Mechanical Systems At Livingston Plaza - Phase A"
T7160715,"Construction Of Rail Control Center Annex"
T7160716,"Upgrade Power Systems At The Rail Control Center And Power Control Center"
T7160717,"Refurbish Keene Vacuum Systems"
T7160718,"Upgrade Security System At Consolidated Revenue Facility (Sbmp)"
T7160721,"Electrical Distribution Room (Edr) Repairs At The Police District Office At Briarwood-Van Wyck Boulevard"
T7160722,"Repair Medical Assessment Center At The 207 Street Yard (Sbdp)"
T7160723,"Priority Repairs Of Tiffany Central Warehouse Exterior Walls"
T7160724,"Construction Of New York Police Department Special Victims Unit Facility"
T7160725,"Rehabilitation Of Employee Bathroom And Breakroom Facilities At Various Locations (Sbmp)"
T7160727,"Replacement Of Roof At Tiffany Central Warehouse"
T7160728,"Electronics Maintenance Division (Emd) Facility At Hoyt-Schermerhorn Station On The Fulton Line - Design Only"
T7160729,"Rapid Transit Operations (Rto) Facility At 3 Avenue-138 Street Station On The Pelham Line"
T7160730,"Expansion Of Elevator & Escalator Training Facility - Design Only"
T7160734,"Improvements To Electrical And Mechanical Systems At Livingston Plaza - Phase B - Design Only"
T7160735,"Employee Facility Line Repairs At 6 Locations On The 8 Avenue Line - Phase 2"
T7160738,"Water Remediation And Equipment Replacement At The Edr At Prospect Park On The Brighton Line - Design Only"
T7160742,"Employee Facility Component Repairs At 6 Locations"
T7160733,"Employee Facility Component Repairs At Various Locations"
T7160737,"Fare Evasion Cameras"
T7160201,"All-Agency Liability Insurance & Deductible"
T7160202,"Reserve: Property Insurance Self-Insured Retention"
T7160203,"Capital Revolving Fund 2015"
T7160204,"Capital Revolving Fund 2016"
T7160205,"Capital Revolving Fund 2017"
T7160206,"Capital Revolving Fund 2018"
T7160207,"Capital Revolving Fund 2019"
T7160298,"Owner Controlled Insurance Program"
T7010101,"Purchase 440 B-Division Railcars"
T7010102,"Purchase 20 B-Division Railcars - Open Gangway"
T7010103,"Subway Action Plan: Upgrade 220 R142A Railcars"
T7010104,"Upgrade 1030 A-Division R142 Railcars - Design Only"
T7010105,"Purchase 1178 A-Division Railcars - Design Only"
T7010106,"Upgrade 220 A-Division R142A Railcars - Design Only"
T7050201,"2015 Mainline Track Replacement"
T7050202,"2016 Mainline Track Replacement"
T7050203,"2017 Mainline Track Replacement"
T7050204,"2018 Mainline Track Replacement"
T7050205,"2019 Mainline Track Replacement"
T7050206,"2020 Mainline Track Replacement - Design Only"
T7050207,"2015 Welded Rail Installation On The Queens Boulevard Line"
T7050208,"2016 Welded Rail Installation On The Queens Boulevard Line"
T7050209,"2017 Welded Rail Installation"
T7050210,"2018 Welded Rail Installation"
T7050211,"2019 Welded Rail Installation"
T7050212,"2015 Track Force Account"
T7050213,"2016 Track Force Account"
T7050214,"2017 Track Force Account"
T7050215,"2018 Track Force Account"
T7050216,"2019 Track Force Account"
T7050217,"2015 Mainline Track Replacement On The Brighton Line"
T7050218,"2015 Mainline Track Replacement On The Queens Boulevard Line"
T7050219,"2015 Mainline Track Replacement On The West End Line"
T7050220,"2015 Mainline Track Replacement On The Flushing Line"
T7050221,"2015 Mainline Track Replacement On The 8 Avenue Line"
T7050222,"2015 Mainline Track Replacement On The Jerome Line"
T7050223,"2015 Mainline Track Replacement On The Pelham Line"
T7050224,"2015 Mainline Track Replacement On The Lexington Line"
T7050225,"2015 Mainline Track Replacement On The Liberty Line"
T7050226,"2015 Mainline Track Replacement On The Lenox-White Plains Road Line"
T7050228,"2015 Welded Rail Installation On The 8th Avenue Line"
T7050229,"2015 Mainline Track Replacement On The Broadway Line"
T7050230,"2016 Mainline Track Replacement On The Brighton Line"
T7050231,"2016 Mainline Track Replacement On The Jamaica Line"
T7050232,"2016 Mainline Track Replacement On The Queens Boulevard Line"
T7050233,"2016 Mainline Track Replacement On The Dyre Avenue Line"
T7050234,"2016 Mainline Track Replacement On The 6th Avenue / Culver Line"
T7050236,"2016 Welded Rail Installation On The 8th Avenue Line"
T7050237,"2016 Mainline Track Replacement On The Pelham Line"
T7050238,"2016 Mainline Track Replacement On The White Plains Road Line"
T7050239,"2016 Mainline Track Replacement On The Myrtle Line (Bushwick Cut)"
T7050240,"2016 Mainline Track Replacement In The Canarsie Tube"
T7050241,"2015 Mainline Track Replacement On The Canarsie Line"
T7050242,"2015 Mainline Track Replacement On The Broadway-7 Avenue Line"
T7050243,"2015 Mainline Track Replacement On The Dyre Avenue Line"
T7050244,"2016 Mainline Track Replacement On The West End Line"
T7050245,"2016 Mainline Track Replacement On The Flushing Line"
T7050246,"2016 Mainline Track Replacement On The 8 Avenue Line"
T7050247,"2016 Mainline Track Replacement On The Lenox-White Plains Road Line"
T7050248,"2016 Mainline Track And Third Rail Replacement For 2nd Avenue-63Rd Street Connection"
T7050249,"2016 Mainline Track Replacement At Bowling Green On The Lexington Avenue Line"
T7050250,"2016 Mainline Track Replacement On The Jerome Line"
T7050251,"2017 Mainline Track Replacement On The Brighton Line"
T7050252,"2017 Mainline Track Replacement On The Sea Beach Line"
T7050253,"2017 Mainline Track Replacement On The Broadway Line"
T7050254,"2017 Mainline Track Replacement On The 4th Avenue Line"
T7050255,"2017 Mainline Track Replacement On The Canarsie Line"
T7050256,"2017 Mainline Track Replacement On The Crosstown Line"
T7050257,"2017 Mainline Track Replacement On The Culver Line"
T7050258,"2017 Mainline Track Replacement On The Eastern Parkway Line"
T7050259,"2017 Mainline Track Replacement On The Jerome Line"
T7050260,"2017 Mainline Track Replacement On The Lexington Line"
T7050261,"2017 Mainline Track Replacement On The Pelham Line"
T7050262,"2017 Mainline Track Replacement On The 7 Avenue Line"
T7050263,"2017 Mainline Track Replacement On The Broadway-7th Avenue Line"
T7050264,"2017 Mainline Track Replacement On The Concourse Line"
T7050265,"2017 Mainline Track Replacement On The Liberty Line"
T7050267,"2017 Mainline Track Replacement On The Myrtle Line"
T7050268,"2017 Mainline Track Replacement On The White Plains Road Line"
T7050269,"Subway Action Plan: Welded Rail Installation"
T7050270,"2018 Mainline Track Replacement On The Astoria Line"
T7050271,"2018 Mainline Track Replacement On The Flushing Line"
T7050272,"2018 Mainline Track Replacement On The Jamaica Line"
T7050273,"2018 Mainline Track Replacement On The Brighton Line"
T7050274,"2018 Mainline Track Replacement On The Dyre Line"
T7050275,"2018 Mainline Track Replacement On The Pelham Line"
T7050276,"2018 Mainline Track Replacement On The Eastern Parkway Line"
T7050277,"2018 Mainline Track Replacement On The Broadway-7th Avenue Line"
T7050278,"2018 Mainline Track Replacement On The Canarsie Line"
T7050279,"2018 Mainline Track Replacement On The Concourse Line"
T7050280,"2018 Mainline Track Replacement On The Culver Line"
T7050281,"2018 Mainline Track Replacement On The West End Line"
T7050282,"2018 Mainline Track Replacement On The Lexington Line"
T7050283,"2018 Mainline Track Replacement On The Archer Avenue Line"
T7050284,"2018 Mainline Track Replacement On The Lenox-White Plains Road Line"
T7050285,"2018 Mainline Track Replacement On The Myrtle Line"
T7050286,"Mainline Track Replacement On The Times Square Shuttle"
T7050287,"2018 Mainline Track Replacement On The Brighton Line"
T7050288,"2018 Mainline Track Replacement On The 4th Avenue Line"
T7050290,"2019 Mainline Track Replacement On The Myrtle Line"
T7050291,"2019 Mainline Track Replacement On The Manhattan Bridge"
T7050293,"2019 Mainline Track Replacement On The Astoria Line"
T7050294,"2019 Mainline Track Replacement On The Flushing Line"
T7050295,"2019 Mainline Track Replacement On The Jamaica-Nassau Cut"
T7050297,"2019 Mainline Track Replacement On The Pelham Line"
T7050299,"2019 Mainline Track Replacement On The Jerome Line"
T70502A2,"Subway Action Plan: Welded Rail Installation, Phase 2"
T70502A3,"Mainline Track / Myrtle Line (Rf-U69 Plates)"
T7050301,"2015 Mainline Switch Replacement"
T7050302,"2016 Mainline Switch Replacement"
T7050303,"2017 Mainline Switch Replacement"
T7050304,"2018 Mainline Switch Replacement"
T7050305,"2019 Mainline Switch Replacement"
T7050306,"2020 Mainline Switch Replacement - Design Only"
T7050307,"2015 Mainline Switch Replacement On The Brighton Line"
T7050308,"2015 Mainline Switch Replacement On The Queens Boulevard Line"
T7050309,"2015 Mainline Switch Replacement On The 8th Avenue Line"
T7050310,"2015 Mainline Switch Replacement On The Broadway-7th Avenue Line"
T7050311,"2015 Mainline Switch Replacement On The Dyre Avenue Line"
T7050312,"2016 Mainline Switch Replacement On The Jamaica Line"
T7050313,"2016 Mainline Switch Replacement On The 6th Avenue Line"
T7050314,"2016 Mainline Switch Replacement On The Pelham Line"
T7050315,"2016 Mainline Switch Replacement On The Dyre Avenue Line"
T7050316,"2016 Mainline Switch Replacement On The Queens Boulevard Line"
T7050317,"2015 Mainline Switch Replacement On The 6th Avenue Line"
T7050318,"2016 Mainline Switch Replacement On The 8 Avenue Line"
T7050319,"2016 Mainline Switch Replacement On The Broadway-7 Avenue Line"
T7050320,"2016 Mainline Switch Replacement On The Flushing Line"
T7050321,"2017 Mainline Switch Replacement On The Brighton Line"
T7050322,"2017 Mainline Switch Replacement On The Astoria Line"
T7050323,"2017 Mainline Switch Replacement On The Eastern Parkway Line"
T7050324,"2017 Mainline Switch Replacement On The 7 Avenue Line"
T7050325,"2017 Mainline Switch Replacement On The Broadway-7 Avenue Line"
T7050326,"2017 Mainline Switch Replacement On The Lenox-White Plains Road Line"
T7050327,"2018 Mainline Switch Replacement On The Jamaica Line"
T7050328,"2018 Mainline Switch Replacement On The Astoria Line"
T7050329,"2018 Mainline Switch Replacement On The Canarsie Line (Bedford)"
T7050330,"2018 Mainline Switch Replacement On The 6th Avenue-Culver Line"
T7050331,"2018 Mainline Switch Replacement On The Lenox-White Plains Road Line"
T7050332,"2018 Mainline Switch Replacement On The White Plains Road Line"
T7050333,"2018 Mainline Switch Replacement On The 4th Avenue Line"
T7050334,"2018 Mainline Switch Replacement On The Culver Line (Ditmas)"
T7050337,"2019 Mainline Switch Replacement On The 6th Avenue Line"
T7050338,"2019 Mainline Switch Replacement On The Canarsie Line (3Rd Avenue)"
T7050339,"2019 Mainline Switch Replacement On The Broadway-7 Avenue Line"
T7050340,"2019 Mainline Switch Replacement On The Queens Boulevard Line"
T7130201,"Purchase 116 Non-Revenue Vehicles"
T7130202,"Purchase 49 Non-Revenue Vehicles"
T7130203,"Purchase 63 Non-Revenue Vehicles"
T7130204,"Purchase 42 Non-Revenue Vehicles"
T7130205,"Purchase 24 Non-Revenue Vehicles"
T7130206,"Purchase 2 Signal Supply Cars - Design Only"
T7130207,"Purchase 27 Refuse Flats - Design Only"
T7130208,"Purchase 12 3-Ton Crane Cars"
T7130210,"Installation Of Track Inspection Car Platform Measuring And Video Recording System"
T7130211,"Purchase Locomotives"
T7130212,"Purchase 202 Non-Revenue Vehicles"
T7130213,"Purchase Various Non-Revenue Vehicles"
T7130214,"Subway Action Plan: Purchase 53 Non-Revenue Vehicles"
T7130215,"Conversion Of 10 R77E Locomotives"
T7130216,"Purchase 65 Flat Cars: Additional Support Costs"
S7070102,"Station Component Program (Six Stations)"
S7070105,"Construction Of New Power Substation: Tottenville"
S7070106,"Construction Of New Power Substation: New Dorp"
S7070107,"Construction Of New Power Substation: Clifton"
S7070110,"Rehabilitation Of Amboy Road Bridge"
S7070111,"Relocation Of Headquarters To Clifton Shop"
S7070112,"Enhanced Station Initiative: Richmond Valley (Sbmp)"
S7070113,"Reconfiguration Of Clifton Yard Track And Switch"
S7070101,"Replacement Of Car Fleet"
S7070103,"Mainline Track Replacement"
S7070104,"Uhf T-Band Radio System Replacement"
S7070108,"Installation Of Customer Information Signs"
S7070109,"Station Component Program (Sbdp)"
S7070114,"Track And Switch Rehabilitation On The Sir Mainline - Design Only"
L70204EJ,"Huntington Station E. Pedestrian Overpass [Sbdp]"
L70204U8,"ESA-Biltmore Room Gct"
L70204U9,"Jamaica Station - Planning & Engineering"
L70204UG,"Mets-Willets Pt. Station - Design Only"
L70204UJ,"Enhanced Station Initiatives"
L70204UM,"Murray Hill Station - New Elevators"
L70204UN,"Nostrand Ave Station Rehabilitation"
L70204UO,"Brookhaven Lab Station"
L70204UP,"Port Washington Station Improvements"
L70204UQ,"Babylon Station Platform Replacement - Design Only"
L70204UW,"Gct / ESA Unified Trash Facility"
L70204UX,"Hunterspoint Avenue Station Renewal"
L70204UY,"Elmhurst Station-New Station"
L70204UZ,"New Republic Station On Main Line"
L70204V3,"Mentor Station Component Improvements"
L70204V5,"Enhanced Station Initiatives [Esi]: Phase 1- 8 Stations: Deer Park, Brentwood, Merrick, Stony Brook, Syosset, East Hampton, Bellmore, And Farmingdale."
L70204V6,"Enhanced Station Initiative: Stewart Manor (Sbmp)"
L70204V7,"Enhanced Station Initiative: Port Jefferson"
L70204V8,"Enhanced Station Initiative: Port Jefferson (Sbmp)"
L70204V9,"Enhanced Station Initiatives [Esi]: Phase 2 - 6 Stations: Great Neck, Bayside, Northport, Valley Stream, Ronkonkoma, And Baldwin."
L70204VH,"Ronkonkoma Garage Stairs Rehab [Sbdp]"
L70204VT,"st Albans Station Renewal Sbdp"
L70204VU,"Station Signage Replacement 9 Locations"
L70204VV,"Lynbrook Station Improvements"
L70204VW,"Amityville Platform Canopy Roof"
L70204VX,"Hempstead Fencing & Lighting Upgrade"
L70204VY,"Atlantic Ave. Terminal Development. Design Only"
L70204VZ,"Elmont Station"
L70204UA,"Station Component Replacement"
L70204UL,"Station Platform Lighting"
L70204UR,"Station Platform Railing Replacement"
L70204US,"Station Signage Program"
L70204UT,"Station & Building Electrical Systems"
L70204UU,"Mentor Allowance - Stations"
L70204UV,"New Fare Payment System - Omny"
L70205V1,"Parking Rehabilitation"
L70205V2,"Parking Facility Development"
L70206EF,"Penn Station Ny-33Rd Corridor (LIRR East End Gateway Phase 1B Construction)"
L70206EG,"Penn Station Ny-33Rd Corridor (Phase 2 Construction)"
L70206VM,"Empire Development Corp."
L70206VN,"Penn Station Ny-33Rd Corridor (LIRR East End Gateway Phase 1A Construction)"
L70206VP,"Penn Station Elevator / Escalator Replacement"
L70206VQ,"Penn Station Customer Facilities Design"
L70206VR,"Penn Station Complex Improvements - Design Only"
L70206VS,"Moynihan Train Hall"
L70301W9,"Brentwood Freight Siding"
L70301WA,"2015 Annual Track Program"
L70301WB,"2016 Annual Track Program"
L70301WC,"2017 Annual Track Program"
L70301WD,"2018 Annual Track Program"
L70301WE,"2019 Annual Track Program"
L70301WF,"Right Of Way Fencing"
L70301WG,"Construction Equipment"
L70301WH,"Retaining Walls / Right Of Way Projects"
L70301WJ,"Construction Equipment - Phase 2"
L70304WU,"Jamaica Capacity Improvements Phase 2 Design"
L70304WV,"Amtrak Territory Improvements"
L70304WX,"Main Line Double Track Phase 2"
L70401BM,"Wreck Lead Bridge Rehabilitation Design"
L70401BQ,"Bridge Program - Structural Renewals"
L70401BR,"Main Line Bridge Component Renewals"
L70401BT,"Removal Of Montauk Cut Off Viaduct"
L70401BV,"North Main Street And Accabonac Bridge Replacements"
L70401BW,"Flushing Main st Bridge Renewal"
L70401BX,"The Springfield Blvd And The Union Tpke Bridge Rehab"
L70401BZ,"Webster Ave Bridge Replacement - Design Only"
L70401C3,"Lynbrook And Rockville Centre Viaducts"
L70401C4,"Cherry Valley Road Bridge Replacement"
L70401C5,"Atlantic Ave Hatchways"
L70401C6,"Bridge Painting"
L70401C7,"Atlantic Ave Hatchways"
L70401C8,"Row Improvements: Franklin Ave & Murray Hill - Design Only"
L70401C9,"Row Improvements: Franklin Ave & Murray Hill"
L70401D2,"Cabin M Bridge Demolition"
L70401D3,"Montauk Cut-Off Demolition"
L70401D4,"Lynbrook & Rockville Centre Renewals"
L70401D6,"Buckram Road Bridge Landscaping"
L70401BS,"Bridge Painting/Waterproofing"
L70401BU,"Mentor Allowance - Line Structures"
L70501SN,"Penn Station Radio Retrofit / Ert Antenna"
L70501SD,"Fiber Optic Network"
L70501SE,"Communications Pole Line Replacement"
L70501SF,"Improve Radio Coverage Initiatives / Fcc Mandate"
L70501SJ,"LIRR Public Address System"
L70501SR,"Station Platform Cctv Cameras"
L70502LH,"Babylon Interlocking Renewal"
L70502LL,"Ronkonkoma To Yaphank Signalization"
L70502LM,"Hunt To Post Design"
L70502LN,"Babylon To Patchogue"
L70502LJ,"Signal Normal Replacement Program"
L70502LK,"Positive Train Control"
L70502LP,"Lightning Protection"
L70502LQ,"Centralized Train Control"
L70601YG,"Diesel Locomotive Shop Improvements"
L70601YR,"Yard Improvements"
L70601YH,"Rolling Stock Support Equipment"
L70601YS,"New Huntington / Port Jefferson Branch Electric Yard"
L7060462,"Huntington Station Hvac Replacement"
L7060464,"Rolling Stock Hvac Unit Rotating Machine [Sbdp]"
L7060465,"Morris Pk Building 3 Elevator Renewal [Sbdp]"
L7060468,"Hsf Loading Dock And Pine Aire Parking Grp D Sbdp"
L7060469,"Hsf Loading Dock Exhaust And Hvac Replacement Sbdp"
L70604YM,"Ronkonkoma Yard Asphalt Restoration"
L70604YP,"Rehab Of Employee Facilities - 5 Locations"
L70604YQ,"Sewer & Facility Improvements - 3 Locations"
L70604YU,"Hillside Buildings- Lightning Protection [Sbdp]"
L70604YV,"Hillside Facility / Upper Holban Improvements"
L70604YX,"Fire Protection Improvements"
L70604YZ,"Morris Park Communication Building"
L7060463,"Employee Facility"
L70604YJ,"Mentor Allowance - Shops & Yards"
L70604YW,"Rehabilitation Of Employee Facilities"
L70701XA,"Meadowbrook Substation Replacement"
L70701XP,"Atlantic Avenue Tunnel Lightning"
L70701XS,"Substation Renewals"
L70701XU,"Substation Replacement Package 2 - Construction"
L70701XX,"Hall & Babylon Signal Power Motor Generator Repl."
L70701XB,"Substation Components"
L70701XC,"Dc Feeder And Jumper Cables (2000 Million Cubic Meter Gauge)"
L70701XD,"3Rd Rail - Disconnect Switches"
L70701XE,"3Rd Rail - Protection Board"
L70701XF,"3Rd Rail - Composite Rail"
L70701XG,"3Rd Rail - Feeder Cable Replacement"
L70701XH,"Negative Reactor Upgrade"
L70701XJ,"Substation Battery Replacement"
L70701XK,"Signal Power Motor Generator Replacement"
L70701XL,"Dc Relay Controls Replacement"
L70701XM,"Signal Power Line Replacement"
L70701XN,"Power Pole Replacement"
L70701XQ,"4,160 Volt Feeders"
L70701XR,"New Substations Design"
L70904NS,"Pcb Clean-Up - Penn Station"
L70904N5,"20 Substations Chlordane Remediation - Phase 2"
L70904NJ,"Program Development"
L70904NK,"Insurance"
L70904NL,"Independent Engineer"
L70904NM,"Mentoring Program Administration"
L70904NN,"Ocip Insurance"
L70904NQ,"Program Administration"
L70904NR,"Eam Reserve"
L70101ME,"M-9 Procurement"
L70101MN,"M-9A Procurement"
M7020101,"Gct Trainshed/Tunnel Struct (Incl Roof Exp Joints)"
M7020102,"Park Ave Tunnel Fire & Life Safety Improvements"
M7020103,"Gct Platform Rehabilitation"
M7020104,"Gct Fire Protection"
M7020105,"Gct Utilities (Design Only)"
M7020106,"Gct Elevator Improvements-Final Phase (Design Only)"
M7020107,"Gct Pa Head End And Vis Systems"
M7020108,"Mentoring - Gct"
M7020109,"Replace Pat Emergency Exit Hatches & Stairs"
M7020110,"270 Park Avenue Gct Trainshed"
M7020111,"Pat Exit Repairs, E. 59th Street (West End) Sbdp"
M7020201,"Harlem - 125th Street Improvements"
M7020202,"Lower Harlem Line Station Improvements"
M7020203,"Upper Hudson Station Improvements Des"
M7020205,"West Of Hudson Station Improvements"
M7020210,"Station Improvements Project, 5 Stations"
M7020213,"Station Improvements Project"
M7020214,"East Of Hudson Station Priority Repairs"
M7020215,"Beacon & Southeast Improvements (Design Only)"
M7020216,"Port Jervis Station Improvements"
M7020217,"Purdy'S Elevator Improvements"
M7020204,"Harlem Line Station Improvements"
M7020206,"Station Building Rehabilitation"
M7020207,"Customer Communication"
M7020208,"New Fare Payment System - Omny"
M7020209,"Mentoring Program - Stations"
M7020211,"Customer Communication: Systems"
M7020212,"Customer Communication: Cm"
M7020301,"Strategic Facilities **"
M7020302,"Mentoring Program - Strategic Facilities"
M7030105,"Gct Turnouts/Switch Renewal"
M7030101,"Cyclical Track Program"
M7030102,"Cyclical Repl. Insulated Joint"
M7030103,"Rock Slope Remediation"
M7030104,"Turnouts - Mainline/High Speed **"
M7030106,"Turnouts - Yards/Sidings"
M7030107,"Rebuild Retaining Walls"
M7030108,"Systemwide Drainage"
M7030109,"Purchase Mow Equipment"
M7030110,"2017 Cyclical Track Program"
M7030111,"2018 Cyclical Track Program"
M7030112,"2019 Cyclical Track Program"
M7030113,"Harlem Third Track Conceptual Planning. Design Only."
M7030205,"Park Avenue Direct Fixation"
M7030209,"Harlem River Lift Bridge"
M7030216,"Repair Park Avenue Viaduct At 118 St"
M7030217,"270 Park Avenue Gct Trainshed"
M7030201,"Overhead Bridge Program - E Of H"
M7030202,"Bridge Preservation Program"
M7030203,"Undergrade Bridge Rehabilitation **"
M7030204,"Beacon Line Undergrade Bridges"
M7030206,"Rail Top Culverts"
M7030207,"Bridge Walkways"
M7030208,"Replace Timbers - Undergrade Bridges"
M7030210,"Hudson Line Tunnels Inspection - Design Only"
M7030211,"Row Fencing"
M7030212,"Catenary Painting (Design Only)"
M7030213,"Dc Substation/Signal House Roof Replacement"
M7030214,"Employee Welfare & Storage Facilities"
M7030215,"Mentoring Program - Structures"
M7030301,"Rock Slope Remediation"
M7030302,"West Of Hudson Track Improvements"
M7030303,"Undergrade Bridge Rehabilitation"
M7030304,"Moodna/Woodbury Viaduct (Incl Timbers/Walkways)"
M7030305,"West Of Hudson Improvements"
M7050106,"Traction Power Substation Improvement Des"
M7050110,"Park Avenue Tunnel Power Initiatives (Design Only)"
M7050111,"Replace Tunnel Lighting"
M7050101,"Replace Ma'S In Signal Substations"
M7050102,"Transformer Rehabilitation"
M7050103,"Replace Ac Circuit Breaker/Switchgear"
M7050104,"Harlem & Hudson Power Rehabilitation"
M7050105,"Harlem And Hudson Power Improvements"
M7050107,"3Rd Rail Component Replacement"
M7050108,"Replace 3Rdrail Sectionalizing Switches (Design Only)"
M7050109,"Replace Substations 128 And 178 (Design Only)"
M7050112,"Mentoring - Power"
M7050113,"Harlem & Hudson Line Power Improvements (86th st / 110th St)"
M7060101,"Harmon Shop Replacement - Phase V"
M7060102,"Harmon Wheel True Improvements"
M7060103,"Brewster Yd Improvements - Design"
M7060104,"West Of Hudson Yard Improvements"
M7060105,"Mentoring Program - Shops And Yards"
M7080109,"Gct/ESA Unified Trash Facility"
M7080114,"270 Park Avenue Gct Trainshed"
M7080101,"Systemwide Lead/Asbestos Abatement"
M7080102,"Environmental Remediation"
M7080103,"Railroad Protective Liability"
M7080104,"Independent Engineer"
M7080105,"Mentoring Program Administration"
M7080106,"Program Administration"
M7080107,"Program Scope Development"
M7080108,"Ocip - Insurance"
M7080110,"Systemwide Security Initiatives"
M7080111,"Eam Reserve"
M7080113,"Customer Communication-Cm"
M7010101,"Locomotive Purchase"
M7010102,"M-8 Fleet Purchase"
M7010103,"Emu Spec Development"
M7010104,"Fleet Support"
M7040101,"Network Infrastructure Replacement"
M7040102,"Harmon To Poughkeepsie Signal System **"
M7040103,"Positive Train Control"
M7040104,"Repl Signal Office Eqpmt/SCADA Office"
M7040105,"Pbx Replacement"
M7040106,"Upgrade Grade Crossings"
M7040107,"Replace High Cycle Relays"
M7040109,"Fire Suppression Systems"
M7040111,"West Of Hudson Signal Improvements"
M7040112,"Harlem Wayside Comm & Signal Improvements"
M7040113,"Mentoring Program - Communications And Signals"
M7040114,"Superstorm Sandy Settlement Agreement"
D701AW98,"Design Development And Study For Phase Ii - Tunnel Improvements And Modernization Of The Brooklyn-Battery (Hugh L. Carey) And Queens Midtown Tunnels"
D701AWX4,"Study For Physical Barriers To Enhance Public Safety On Suspension Bridges"
D701BW07,"Tower And Pier Fender Protection System - Bronx-Whitestone Bridge"
D701BW14,"Miscellaneous Structural Rehabilitation: Steel Repairs And Removal Of Tuned Mass Damper - Bronx-Whitestone Bridge"
D701BW84,"Monitoring, Inspection And Testing Of The Bronx-Whitestone Bridge'S Main Cable And Cable Wires"
D701CB18,"Replacement And Upgrade Of Bridge Fender System At Cross Bay And Marine Parkway Bridges And Scour Protection At The Cross Bay Bridge"
D701CB24,"Development Of Conceptual Designs For Long Term Needs At Cross Bay And Marine Parkway Bridges"
D701HC28,"Design For Phase Iii - Future Repair And Rehabilitation Of Tunnel Leaks, Spalls, Finishes At The Hugh L. Carey Tunnel"
D701HC48,"Structural Rehabilitation Phase Ii - Manhattan Plaza - Hugh Carey Tunnel"
D701HH07,"Structural Rehabilitation Phase Ii - Henry Hudson Bridge"
D701HH89,"Rehabilitation Of Skewbacks - Henry Hudson Bridge"
D701QM18,"Design For The Structural Rehabilitation Of Manhattan Entrance Plaza And Queens Plaza - Queens Midtown Tunnel"
D701QM40,"Conceptual Design For Miscellaneous Tunnel Structural Repairs - Queens Midtown Tunnel"
D701RK04,"Study And Monitoring For The Rehabilitation Of The Queens Anchorage At The Robert F. Kennedy Bridge"
D701RK19,"Design And Construct Seismic And Wind Retrofits For The Suspension Span Of The Robert F. Kennedy Bridge"
D701RK20,"Monitoring, Inspection And Testing Of The Robert F. Kennedy Queens Suspension Bridge Main Cable And Cable Wires"
D701RK22,"Construction Of Interim Repairs For The Fdr Ramp"
D701RK70,"Miscellaneous Structural Rehabilitation At The Robert F. Kennedy Bridge"
D701TN53,"Design And Construction Of Superstructure Repairs On The Throgs Neck Bridge Approach Viaducts"
D701TN87,"Design For Anchorage And Main Tower Protection At The Throgs Neck Bridge"
D701VN10,"Design And Construction For The Rehabilitation Of The Exterior And Interior Of The Anchorages At The Verrazano-Narrows Bridge"
D701VN32,"Miscellaneous Steel Repair And Concrete Rehabilitation - Verrazano-Narrows Bridge"
D701VN34,"Verrazano-Narrows Bridge Main Cable Testing - Phase I"
D701VN89,"Restoration Of The Granite Facade And Tower Pier Foundation And Relocation Of The Fdny Mooring Platform - Verrazano-Narrows Bridge"
D701VN8Q,"Dehumidification Of The Main Cables At The Verrazzano-Narrows Bridge"
D702RK23,"Construct A New Northbound Connector Ramp From Harlem River Lift Span To Harlem River Drive - Robert F. Kennedy Bridge"
D702RK65,"Final Design And Construction Of Ramp Rehabilitation At The Manhattan Plaza Of The Robert F. Kennedy Bridge"
D702TN49,"Replacement Of The Suspended Span Deck At The Throgs Neck Bridge"
D702TN55,"Study For The Replacement Of Bronx And Queens Approach Viaducts Of The Throgs Neck Bridge"
D702VN11,"Design And Construction For Widening Of The Verrazano-Narrows Bridge Approach To The Gowanus Expressway"
D702VN80,"Study And Preliminary Design For The Replacement Of The Lower Level Suspended Span Deck - Verrazano-Narrows Bridge"
D702VN84,"Design For The Verrazano-Narrows Bridge Replacement Of Upper Level Approaches In Brooklyn And Staten Island, Replacement And Widening Of Existing Lower And Upper Level Ramps And Construction Of Phase I"
D702VN86,"Design For The Widening Of Belt Parkway - Verrazano-Narrows Bridge"
D702AWX1,"Replace Manhattan Plaza Pedestrian Bridge"
D703AW32,"Installation Of Rotating Prism Signs (Rps) At The Bronx-Whitestone, Throgs Neck And Verrazano-Narrows Bridges"
D703AW36,"Install And Integrate Ip Traffic Cameras At All B & T Facilities"
D703AW52,"Develop A Comprehensive And Effective Traffic And Incident Management System By Building Upon The Current Transmit And Video Detection Systems"
D703AW57,"Replacement And Upgrade Of Existing Advanced Management System (Atms) And Subsystems At All Nine Facilities And Operations Control And Command Center (OCCc)"
D703AW63,"Replacement And Upgrade Of Existing Toll Systems And Exploration Of Future Tolling Technologies And Systems"
D703AW65,"Rehabilitation/Upgrades To Toll Plaza Structural Elements"
D703BW63,"Implement Open Road Tolling (Ort) /Cashless Tolling On Bronx-Whitestone Bridge"
D703CB63,"Implement Open Road Tolling (Ort) /Cashless Tolling On Cross Bay Bridge"
D703HC63,"Implement Open Road Tolling (Ort) /Cashless Tolling On Hugh L Carey Tunnel"
D703HH63,"Toll Plaza Finishes On The Henry Hudson Bridge"
D703HH88,"Construction For The Replacement Of The Decks And Supporting Structure On The Upper Level, The Lower Level South Approach Deck, And The Concrete Cellular Structure Including The Maintenance Garage - Henry Hudson Bridge"
D703MP63,"Implement Open Road Tolling (Ort) /Cashless Tolling On Marine Parkway Bridge"
D703QM63,"Implement Open Road Tolling (Ort) /Cashless Tolling On Queens Midtown Tunnel"
D703RK63,"Implement Open Road Tolling (Ort) /Cashless Tolling On Robert F. Kennedy Bridge"
D703TN63,"Implement Open Road Tolling (Ort) /Cashless Tolling On Throgs Neck Bridge"
D703VN63,"Implement Open Road Tolling (Ort) /Cashless Tolling On Verrazano- Narrows Bridge"
D704AW67,"Install An Early Warning System To Interdict Over Height Trucks And Barred Trucks From Entering The Tunnel Portals At Queens Midtown And Hugh L. Carey Tunnels."
D704AW73,"Design For The Replacement Of Facility Monitoring And Safety Systems"
D704AW80,"Advanced Traveler Information Systems"
D704AW81,"Install Prototype Led Roadway Display Signs On Rfk Bridge. After Successful Testing Install On Bronx-Whitestone, Throgs Neck, Verrazano-Narrows, And Robert F. Kennedy Bridges"
D704AWX3,"Study For Structural Health Monitoring Systems And Prototype Installation"
D704BW32,"Installation Of A Fire Standpipe System From The Bronx And Queens Tower Pedestal To The Roadway Level - Bronx-Whitestone Bridge"
D704BW39,"Installation Of An Integrated Facility Monitoring And Detection System - Bronx-Whitestone Bridge"
D704HC07,"Rehabilitation Of The Tunnel Ventilation Systems - Hugh L. Carey Tunnel"
D704HC30,"Replacement And Upgrade Of Existing Smoke/Fire Detection Systems In The Ventilation Building And Service Building - Hugh L. Carey Tunnel"
D704HC64,"Rehabilitation Of The Brooklyn Service Building Electrical Distribution Room - Hugh L. Carey Tunnel"
D704HH13,"Replacement And Upgrades Of The Lighting System On The Approach Parkways - Henry Hudson Bridge"
D704HH19,"Replacement And Upgrade Of Substations - Henry Hudson Bridge - Design Only"
D704QM81,"Rehabilitation Of The Tunnel Controls And Communication Systems - Queens Midtown Tunnel"
D704QM91,"Installation Of Smoke/Fire Detection Systems In The Ventilation Building And Service Building - Queens Midtown Tunnel"
D704RK07,"Rehabilitation And Upgrade Of Electrical And Mechanical Systems On The Harlem River Lift Span - Robert F. Kennedy Bridge"
D704RK21,"Installation Of A Dry Fire Standpipe System On The Randall'S Island/Ward'S Island Viaduct, Bronx Plaza, Harlem River Lift Span And Bronx Truss Span - Robert F. Kennedy Bridge"
D704RK60,"Installation Of An Integrated Electronic Facility Monitoring And Detection System - Robert F. Kennedy Bridge"
D704RK66,"Design Only For Relocation Of The 13Kv Substation On Randall'S Island - Robert F. Kennedy Bridge"
D704TN27,"Service Building Fire Alarm Upgrade -Throgs Neck Bridge"
D704TN58,"Design For The Replacement Of The Electrical Equipment And Rehabilitation Of The Tower Elevator - Throgs Neck Bridge"
D704TN60,"Construction Of An Anchorage Dehumidification System - Throgs Neck Bridge"
D704VN30,"Rehabilitate Tower Elevators At The Verrazano-Narrows Bridge"
D705AW66,"Replacement Of The Operations Command And Control Center (OCCc)"
D705AW12,"Agency-Wide Hazardous Materials Abatement"
D705HC80,"Design For The Architectural And Structural Rehabilitation Of Ventilation Buildings - Hugh L. Carey Tunnel"
D705QM36,"Design For The Architectural And Structural Rehabilitation Of Ventilation Buildings - Queens Midtown Tunnel"
D705RK58,"Rehabilitation Of Robert Moses Building And Ancillary Facilities On Randall'S Island - Design Only"
D707BW84,"Painting Of The Tower Interior Base Cells And Struts - Bronx-Whitestone Bridge"
D707HH30,"Replacement Of The Overcoat Paint System - Henry Hudson Bridge"
D707RK70,"Painting Of The Suspended Span/Bronx Truss Steel - Robert F. Kennedy Bridge"
D707TN49,"Painting Of The Suspended Span Steel And Tower Base Cells - Throgs Neck Bridge"
D707TN60,"Painting Of The Anchorages Interior - Throgs Neck Bridge"
D707VN49,"Painting Of The Suspended Span Upper And Lower Level Steel - Verrazano-Narrows Bridge"
D707AW95,"Miscellaneous Agency-Wide Painting Reserve"
D706AW10,"Enterprise Asset Management Program"
D706AW15,"MTA Independent Engineering Services"
D706AW18,"All Agency Protective Liability Insurance"
D706AW21,"Program Administration"
D706AW22,"Miscellaneous Design And Administrative Activities"
D706AW28,"Scope Development"
D706AW85,"Traffic Enforcement Support"
D706AW94,"Small Business Mentoring Program"
U7030204,"Depot Bus Location System"
U7030207,"Storerooms And Depot Reconfiguration At Laguardia Depot"
U7030208,"Roof Replacement At Spring Creek Depot (SBFP)"
U7030209,"Rehabilitation And Facility Upgrade At College Point Depot"
U7030210,"Replacement Of Paint Booths At Eastchester And College Point Depots"
U7030213,"Replacement Of Chassis Wash And Platform Lift At College Point Depot (SBFP)"
U7030218,"Replacement Of Windows At Jfk Depot (SBFP)"
U7030220,"Replacement Of Windows At Laguardia Depot (SBFP)"
U7030221,"Replacement Of Windows At Baisley Park Depot (SBFP)"
U7030223,"Upgrade Cng Equipment At Spring Creek Bus Depot"
U7030224,"New East New York (Eny) Tower - MTA Bus"
U7030225,"Environmental Remediation: Underground Storage Tanks At 2 Locations"
U7030201,"Purchase 53 Articulated Buses"
U7030202,"Purchase 257 Express Buses"
U7030205,"On-Board Audio Visual System"
U7030206,"Automated Passenger Counting Pilot And Phase 1 Rollout"
U7030211,"Replacement Of Bus Radio System"
U7030212,"Environmental Remediation"
U7030214,"Purchase Non-Revenue Vehicles"
U7030215,"Project Administration Services"
U7030216,"Design And Engineering Services"
U7030217,"Construction Management Services"
U7030219,"Purchase 25 Standard Buses"
U7030226,"All-Agency Protective Liability Insurance"
G7090105,"ESA: Metro-North Railroad Force Account Support For Manhattan Structural Work"
G7090115,"ESA: Vertical Circulation Equipment - Elevators And Escalators"
G7090118,"ESA: Harold Interlocking Force Account"
G7090121,"ESA: Mid-Day Storage Yard Facility Cil Signal Huts"
G7090123,"ESA: Harold Structures - Part 3A"
G7090124,"ESA: Harold Structures - Part 3B"
G7090138,"ESA: Force Account Warehouse"
G7090139,"ESA: Manhattan Utilities Relocations"
G7090141,"ESA; A Tunnel/D Approach Structure"
G7090142,"ESA: Grand Central Terminal Caverns"
G7090145,"ESA: 48th st Entrance At 415 Madison Ave"
G7090146,"ESA: Caverns And Concourse Detailing"
G7090156,"ESA: Harold Interlocking Stage 2"
G7090157,"ESA: Harold Access And Protection"
G7090158,"ESA: Civil And Neighborhood Beautification"
G7090159,"ESA: Harold Track Work Part 3 (Ch057D)"
G7090160,"ESA: Gct Concourse And Facilities Fit-Out"
G7090161,"ESA: Leak Remediation"
G7090162,"Harold Catenary Work"
G7090163,"ESA: 48th Street Entrance Fit Out (Cm015B)"
G7090164,"MTA It Procurement"
G7090165,"Replace Damaged Rail"
G7090169,"Damaged Rail Replacement (Cm023)"
G7090170,"Jpmc 270 Park Zone 4 Lighting And Fixtures"
G7090101,"ESA: Program Management"
G7090102,"ESA: Engineering And Design"
G7090103,"ESA: MTA Management"
G7090111,"ESA: Owner-Controlled Insurance Program (Ocip)"
G7090113,"ESA: Construction Management"
G7090116,"ESA: General Conditions"
G7090127,"ESA: System Testing And Commissioning"
G7090128,"ESA: Rail Car Procurement"
G7090132,"ESA: Management Reserve"
G7090134,"ESA: Protect Locomotive"
G7090135,"ESA: Communication, Control, Tunnel Ventilation And Facility Power Systems"
G7090136,"ESA: Track, Third Rail, Traction Power And Signal Installation"
G7090140,"ESA: Construction Management - Other"
G7090144,"ESA: Arts For Transit"
G7090147,"ESA: Building Owner Cost"
G7090149,"ESA: Material Warranties"
G7090150,"ESA: Operational Readiness Training"
G7090151,"ESA: Test Trains"
G7090152,"ESA: Force Account Support"
G7090153,"ESA: Project Management Contingency"
G7090154,"ESA: Cab Simulator"
G7090155,"ESA: Program Contingency"
G7090166,"37th St. Utility Work On-Call Mc"
G7090167,"Install Ancillary Equipment For Ptc"
G7090168,"Force Account Design Support"
G7090198,"ESA: Program Support"
G7090199,"ESA: Additional Program Support"
G7100101,"SAS 2: Pe, Design & Environmental"
G7100107,"SAS 2: Preliminary Construction/Utilities"
G7100104,"SAS 2: Construction Management"
G7100105,"SAS 2: Project Support"
G7100114,"SAS 2 Heavy Civil At 125th & Tunnel Boring Machine"
G7100198,"SAS 2: Real Estate"
G7100199,"SAS 2: Reserve"
G7110112,"Penn Station Access: Demolition And 3Rd Party Utilities"
G7110113,"Arts At Stations"
G7110101,"Psa: Planning/Pre-Design"
G7110102,"Psa: Program Management"
G7110103,"Psa: Construction Management"
G7110104,"Psa: Track & Structures"
G7110105,"Psa: Communication And Signals"
G7110106,"Psa: Power"
G7110107,"Psa: Stations"
G7110108,"Psa: Shops & Yards"
G7110109,"Psa: Rolling Stock Specification"
G7110110,"Psa: General Engineering Consultant"
G7110111,"Psa: Design Support Services"
G7110199,"Penn Access Program Contingency"
G7130103,"LIRR Expansion Project: D-B Base Construction Contract"
G7130104,"LIRR Expansion Project: D-B Mobilization/Early Payments"
G7130105,"LIRR Expansion Project: D-B Construction Contract Option"
G7130106,"LIRR Expansion Project: Parking Seed Money"
G7130107,"LIRR Expansion Project: LIRR Force Account Construction"
G7130108,"LIRR Expansion Project: LIRR Force Account Materials"
G7130109,"LIRR Expansion Project: LIRR Force Account Support"
G7130110,"LIRR Expansion Project: LIRR Support Others: Busing, Misc."
G7130113,"LIRR Expansion Project: LIRR Force Account Reserve"
G7130119,"LIRR Expansion Project: Real Estate"
G7130120,"LIRR Expansion Project: Arts For Transit"
G7130101,"LIRR Main Line Expansion Reserve"
G7130102,"Grade Crossings Reserve"
G7130111,"LIRR Expansion Project: LIRR Force Account Project Management"
G7130112,"LIRR Expansion Project: LIRR Force Account Design & Engineering"
G7130114,"LIRR Expansion Project: Project Management Contract"
G7130115,"LIRR Expansion Project: MTAcc Project Management"
G7130116,"LIRR Expansion Project: Nysdot Project Management"
G7130117,"LIRR Expansion Project: Project Administration (Other Costs)"
G7130118,"LIRR Expansion Project: Owner-Controlled Insurance Program (Ocip)"
G7130121,"LIRR Expansion Project: Project Reserve"
G7140101,"Regional Investment To Support ESA: WBBp & Ebrr F/A Connections"
G7140102,"ESA Ri: East Bound Re-Route"
G7140103,"Regional Investment To Support ESA: Westbound Bypass"
G7140104,"Regional Investment To Support ESA: Loop & T Interlockings"
G7140107,"Regional Investment To Support ESA: Gct Concourse & Facilities Part 2"
G7140112,"Regional Investment To Support ESA: Sunnyside Station"
G7140113,"Regional Investment To Support ESA: Harold Loop Civil Structures - Part 4"
G7140115,"Regional Investment To Support ESA: Harold Track Work Part 3 (Ch057D)"
G7140121,"Regional Investment: Mid-Day Storage Yard Facility Cil Signal Huts"
G7140122,"High Speed Rail Grant Reserve"
G7140123,"Harold Structures - Part 3B"
G7140108,"Regional Investment To Support ESA: Program Contingency"
G7140109,"Regional Investment: Engineering And Design"
G7140110,"Regional Investment To Support ESA: Owner-Controlled Insurance Program (Ocip)"
G7140111,"Regional Investment To Support ESA: Construction Management"
G7140198,"Regional Investment: Program Support"
G7150101,"Rolling Stock Reserve To Support ESA: Reserve For Rolling Stock"
G7150102,"Risk Reserve To Support East Side Access Project Completion."
G7160101,"Network Expansion: Misc Engineering/Prog Support"
G7160102,"Network Expansion: MTA Independent Engineering Consultant"
G7160103,"Mentoring Program Administration"
N7000101,"MTA Sbdp Construction Management (Scope A)"
N7000102,"MTA Sbdp Business Development (Scope B)"
N7110101,"MTA Core Long-Range Planning Support For Capital Needs"
N7110102,"MTA Long-Range Travel Corridor Research And Planning Support"
N7110103,"MTA Capital Program Support"
N7110104,"MTA Urban Core Infrastructure Reserve"
N7110105,"Demolition Madison Ave HQ Campus"
N7110106,"Ongoing Installation - Communication Equipment"
N7130101,"MTA Construction & Development Support"
T8041346,"ADA Accessibility At Broadway Junction Complex"
T8041326,"ADA Accessibility At 36 Street On The 4 Avenue Line"
T8041348,"ADA Accessibility At Church Avenue On The Brighton Line"
T8041310,"ADA Accessibility At Myrtle Avenue On The Jamaica Line"
T8041312,"ADA Accessibility At Junius Street On The New Lots Line"
T8041314,"ADA Accessibility At Sheepshead Bay On The Brighton Line"
T8041379,"ADA Accessibility At Norwood Avenue On The Jamaica Line"
T8041302,"ADA Accessibility At 96 Street On The 8 Avenue Line"
T8041336,"ADA Accessibility At Rockaway Boulevard On The Liberty Line"
T8041320,"ADA Accessibility At Avenue I On The Culver Line"
T8041321,"ADA Accessibility At Kings Highway On The Culver Line"
T8041338,"ADA Accessibility At Woodhaven Boulevard On The Queens Line"
T8041339,"ADA Accessibility At Steinway Street On The Queens Line"
T8041373,"ADA Accessibility At Court Square-23 Street On The Queens Line"
T8041322,"ADA Accessibility At Classon Avenue On The Crosstown Line"
T8041371,"ADA Accessibility At 137 Street On The Broadway-7 Avenue Line"
T8041323,"ADA Accessibility At New Lots Avenue On The New Lots Line"
T8041331,"ADA Accessibility At Parkchester-East 177 Street On The Pelham Line"
T8041333,"ADA Accessibility At Mosholu Parkway On The Jerome Line"
T8041306,"ADA Accessibility At 86 Street On The Lexington Line"
T8041311,"ADA Accessibility At Borough Hall On The Lexington Line"
T8041334,"ADA Accessibility At 242 Street On The Broadway-7 Avenue Line"
T8041309,"ADA Accessibility At 81 Street On The 8 Avenue Line"
T8041341,"ADA Accessibility At Broadway On The Astoria Line"
T8041376,"ADA Accessibility At Burnside Avenue On The Jerome Line"
T8041372,"ADA Accessibility At Harlem 148 Street On The Lenox Line"
T8041349,"ADA Accessibility At 33 Street-Rawson Street On The Flushing Line"
T8041347,"ADA Accessibility At Northern Boulevard On The Queens Line"
T8041352,"ADA Accessibility At 46 Street-Bliss Street On The Flushing Line"
T8041380,"ADA Accessibility At Middletown Road On The Pelham Line"
T8041303,"ADA Accessibility At Dyckman Street (Northbound) On The Broadway-7 Avenue Line"
T8041304,"ADA Accessibility At 6 Avenue On The Canarsie Line"
T8041305,"ADA Accessibility At 14 Street On The Broadway-7 Ave Line"
T8041313,"ADA Accessibility At Avenue H Station (Northbound) On The Brighton Line"
T8041317,"ADA Accessibility At Grand Street On The Canarsie Line"
T8041319,"ADA Accessibility At 7 Avenue On The 6 Avenue Line"
T8041327,"ADA Accessibility At Lorimer Street On The Canarsie Line"
T8041328,"ADA Accessibility At Metropolitan Ave On The Crosstown Line"
T8041329,"ADA Accessibility At Woodhaven Boulevard On The Jamaica Line"
T8041330,"ADA Accessibility And Station Improvements At Westchester Square On The Pelham Line"
T8041332,"ADA Accessibility At East 149 Street On The Pelham Line"
T8041337,"ADA Accessibility At Beach 67 Street On The Far Rockaway Line"
T8041345,"ADA Accessibility At 181 Street On The 8 Avenue Line"
T8041370,"ADA Emergency Elevator Two-Way Communication System"
T8041375,"ADA Accessibility At 95 Street On The 4 Avenue Line"
T8041386,"ADA: Queensboro Plz / Fls Additional Support"
T8041369,"Pslan At Various ADA Locations"
T8041378,"Owner Controlled Insurance Program - ADA"
T80413DD,"ADA Design"
T80413RR,"ADA: 23 Stations"
T8040714,"Replace 3 Escalators At Broadway Junction On The Fulton Line"
T8040718,"Replace 1 Escalator At Parkchester On The Pelham Line"
T8040715,"Replace 14 Elevators At 5 Locations"
T8040707,"Penn Station Ny-33Rd Corridor (Phase 2: Replace 3 Hydraulic Elevators At 34 st On The Broadway-7 Avenue Line)"
T8040708,"Replace 5 Hydraulic Elevators At 2 Locations On The Jamaica Line"
T8040709,"Replace 4 Escalators At 2 Locations On The Flushing Line"
T8040711,"Replace 4 Escalators At 2 Locations On 4 Ave And Concourse Lines"
T8040712,"Replace 17 Escalators At 6 Locations On Various Lines"
T8040713,"Replace 8 Escalators At Grand Central On The Flushing Line"
T8040716,"Replace 6 Escalators At 2 Locations"
T8040717,"Replace 19 Elevators At Various Locations"
T8040719,"Replace 17 Elevators At 8 Stations"
T8040720,"Replace 20 Elevators At 9 Stations"
T8040721,"Replace 21 Escalators At 6 Stations"
T8040701,"Replace 17 Hydraulic Elevators"
T8040702,"Replace 37 Hydraulic Elevators"
T8040703,"Replace Escalators At Various Locations"
T8040704,"Replace 2 Escalators"
T8040705,"Escalators Design"
T8040706,"Elevators Design"
T8040710,"Pslan At Various Elevator And Escalator Locations"
T8041227,"Platform Components: 137 Street On The Broadway-7 Avenue Line"
T8041224,"Station Renewal: Borough Hall On The Lexington Avenue Line"
T8041209,"Livonia Av-Junius st Station Connector"
T8041256,"Platform Components: New Lots Avenue On The New Lots Line"
T8041257,"Station Renewal: 242 Street On The Broadway-7 Avenue Line"
T8041259,"Station Components: 46 Street-Bliss Street On The Flushing Line"
T8041234,"Platform Components: Broadway Junction On The Jamaica Line"
T8041265,"Platform Components: Burnside Avenue On The Jerome Line"
T8041291,"Customer Service Center At Parkchester On The Pelham Line"
T8041212,"Other Station Work"
T8041213,"Station Components: Main Street On The Flushing Line"
T8041216,"Platform Components: East Broadway On The 6 Avenue Line"
T8041217,"Platform Components: 2 Locations On The Queens Boulevard Line"
T8041218,"Platform Components: 5 Locations On The Broadway-7 Avenue Line"
T8041219,"Penn Station Ny-33Rd Corridor (Phase 2: Leak Remediation At 34 st On The Broadway-7 Avenue Line"
T8041221,"Ventilator Repairs At 8 Ave On The Canarsie Line"
T8041222,"Ventilator Repairs At 2 Locations On The Fulton Line"
T8041223,"Ventilator Repairs At 3 Locations In Manhattan And The Bronx"
T8041225,"Platform Components: 68 st - Hunter College On The Lexington Avenue Line"
T8041226,"Ventilator Repairs At Grand Central On The Flushing Line"
T8041229,"Platform Components: 6 Avenue On The Canarsie Line"
T8041230,"Platform Components: 14 Street On The 6 Avenue Line"
T8041231,"Platform Components: Metropolitan Ave On The Crosstown Line"
T8041232,"Station Renewal: Woodhaven Boulevard On The Jamaica Line"
T8041235,"Ventilator Repairs At 4 Locations In Manhattan"
T8041236,"Grand Central: Widening Stairs U2/U6 On The Lexington Line - Design Only"
T8041238,"Station Components: 43 Locations, Phase 1"
T8041239,"Grand Central: Center Core East On The Flushing Line"
T8041240,"Grand Central: Widening Stairs U2/U6 On The Lexington Line"
T8041243,"Station Renewal: 111 Street On The Flushing Line"
T8041244,"Station Renewal: 103 Street-Corona Plaza On The Flushing Line"
T8041245,"Station Renewal: 82 Street-Jackson Heights On The Flushing Line"
T8041246,"Station Renewal: 69 Street On The Flushing Line"
T8041247,"Station Renewal: 52 Street On The Flushing Line"
T8041249,"Platform Edges: 2 Locations On The Jamaica Line"
T8041250,"Station Renewal: 85 Street-Forest Parkway On The Jamaica Line"
T8041251,"Station Renewal: 75 Street-Elderts Lane On The Jamaica Line"
T8041252,"Station Renewal: Cypress Hills On The Jamaica Line"
T8041254,"Ventilator Repairs At 4 Locations In Brooklyn"
T8041258,"Station Renewal: 61 Street-Woodside On The Flushing Line"
T8041260,"Stormwater Mitigation: Street Stairs Package 1"
T8041261,"Emergency Lighting At Grand Street On The Canarsie Line"
T8041262,"Platform Components: 111 Street On The Flushing Line"
T8041264,"Stormwater Mitigation: East 149 Street On The Pelham Line"
T8041266,"Art At Other Stations"
T8041270,"Stormwater Mitigation: Street Stairs Package 2"
T8041271,"Station Painting: Court Street On The Broadway Line"
T8041272,"Station Painting: 45 Street On The 4 Avenue Line"
T8041273,"Station Painting: 25 Street On The 4 Avenue Line"
T8041274,"Station Painting: 145 Street On The 8 Avenue Line"
T8041275,"Station Painting: Myrtle-Wyckoff Complex On The Canarsie And Myrtle Lines"
T8041276,"Station Painting: Euclid Avenue On The Fulton Line"
T8041277,"Ventilator Repairs At 3 Locations In Manhattan"
T8041278,"Ventilator Repairs At 3 Locations In Queens"
T8041280,"Stormwater Mitigation: Cortlandt Street"
T8041282,"Comm And Security Upgrades At Sutphin Blvd-Archer Ave"
T8041283,"Track Wall Tiles At 14 Street On The Broadway-7 Avenue Line"
T8041292,"Platform Gap Retrofit At Spring Street On The 8 Avenue Line (Southbound)"
T8041293,"Control House Repairs At 181 Street On The 8 Avenue Line (Overlook Terrace)"
T8041201,"Station Renewals At 5 ADA Locations"
T8041202,"Station Renewals At 3 Locations"
T8041203,"Plat, Mezz, & Interior Stair Comps: ADA Locations"
T8041204,"Platform Components: Various Locations"
T8041205,"Station Ventilators: Various Locations"
T8041206,"Small Business Mentoring Program - Stations"
T8041207,"Station Painting: Various Locations"
T8041208,"Misc. Station Component/Renewal Work"
T8041210,"Water Condition Remedy: Various Locations"
T8041211,"Miscellaneous Station Investments"
T8041215,"Station Components Design"
T8041220,"Miscellaneous Stations Work Design"
T8041237,"Platform Screen Doors Pilot"
T8041241,"Track Safety Stations Initiatives"
T8041253,"Stormwater Mitigation: Various Stations"
T8041255,"Station Condition Survey"
T8041263,"Replacement Of Signage At Various Stations"
T8041269,"Water Condition Remedy - 2023"
T8041281,"Ventilator Repairs At 2 Locations On The Canarsie Line"
T8041284,"Stations Central Maintenance Facility"
T8041286,"Facade Repair At 4 Avenue Station On The 6 Avenue Line"
T8041287,"Emergency Lighting At 11 Stations"
T8041296,"Platform Barriers"
T80412DD,"Station Renewals Design"
T8040401,"New Fare Payment System (Nfps): Add Support Costs"
T8040402,"Turnstiles: Refurbishment (Excl. Electronics)"
T8040403,"Low Turnstiles: Procurement"
T8040404,"Wide Turnstiles: Procurement/Installation"
T8040405,"Additional Work: Fare Collection"
T8040406,"Purchase 80 Automated Farecard Access System (Afas) Units"
T8040407,"Wide Aisle Gates: Survey And Design"
T8050288,"Mainline Track Replacement At Broadway Junction On The Jamaica Line"
T8050287,"Mainline Track Replacement At 3 Stations"
T80502A7,"Mainline Track Replacement At 4 Stations"
T8050239,"Mainline Track Replacement / 86 Street On Broadway-7th Ave"
T8050244,"Mainline Track Replacement / 68 St-Hunter College"
T8050246,"Mainline Track Replacement / Westchester Square On The Pelham Line"
T8050289,"Mainline Track Replacement 2023 / White Plains Road"
T8050290,"Mainline Track Replacement 2023 / Broadway (Canal St)"
T8050201,"Mainline Track Replacement"
T8050202,"Continuous Welded Rail"
T8050203,"Track Force Account"
T8050204,"Mainline Track Replacement / Rutgers Tube"
T8050205,"Mainline Track Replacement 2020 / Queens"
T8050206,"Mainline Track Replacement 2020 / 8th Avenue"
T8050207,"Mainline Track Replacement 2020 / Broadway-7th Ave"
T8050208,"Mainline Track Replacement 2020 / Flushing"
T8050209,"Mainline Track Replacement 2020 / Lexington"
T8050210,"Mainline Track Replacement 2020 / Brighton"
T8050211,"Mainline Track Replacement 2020 / Jamaica"
T8050212,"Mainline Track Replacement 2020/ Lenox-White Plain"
T8050213,"Mainline Track Replacement 2020 / 6th Avenue"
T8050214,"Mainline Track Replacement 2020 / Astoria"
T8050215,"Mainline Track Replacement 2020 / Dyre"
T8050216,"Mainline Track Replacement 2020 / Concourse"
T8050217,"Mainline Track Replacement 2020 / 63Rd St"
T8050218,"Mainline Track Replacement 2020 / West End"
T8050219,"Mainline Track Replacement 2020 / Rockaway"
T8050220,"Mainline Track Replacement 2020 / 7th Avenue"
T8050221,"Mainline Track Replacement 2020 / Pelham"
T8050222,"Mainline Track Replacement 2020 / Support Costs"
T8050223,"Continuous Welded Rail 2020"
T8050224,"2020 Track Force Account"
T8050225,"Mainline Track Replacement (Direct Fixation) / Archer Avenue"
T8050226,"Mainline Track Replacement 2021 / Myrtle (Wyckoff Ave)"
T8050227,"Mainline Track Replacement 2021 / 11th Street Cut"
T8050228,"Mainline Track Replacement 2021 / Brighton"
T8050229,"Mainline Track Replacement 2021 / Broadway"
T8050230,"Mainline Track Replacement 2021 / Concourse"
T8050231,"Mainline Track Replacement 2021 / Broadway-7th Ave"
T8050232,"Mainline Track Replacement 2021 / Jamaica"
T8050233,"Mainline Track Replacement 2021 / Eastern Parkway"
T8050234,"Mainline Track Replacement 2021 / Jerome"
T8050235,"Mainline Track Replacement 2021 / Flushing"
T8050236,"Mainline Track Replacement 2021 / Pelham"
T8050237,"Mainline Track Replacement 2021 / Lenox-White Plains Road"
T8050238,"Mainline Track Replacement 2021 / Jamaica (Crescent To Cypress)"
T8050240,"Mainline Track Replacement 2021 / Support Costs"
T8050241,"Mainline Track Replacement (Direct Fixation) / Jamaica"
T8050242,"Mainline Track Replacement (Direct Fixation) / 63 Street"
T8050243,"Mainline Track Replacement 2021 / Lexington"
T8050245,"2021 Track Force Account"
T8050247,"Mainline Track Replacement 2022 / 6th Ave-Culver"
T8050248,"Mainline Track Replacement 2022 / 8th Avenue"
T8050249,"Mainline Track Replacement 2022 / 7th Avenue"
T8050250,"Mainline Track Replacement 2022 / Brighton"
T8050251,"Mainline Track Replacement 2022 / Support Costs"
T8050252,"Mainline Track Replacement 2022 / Myrtle"
T8050253,"Mainline Track Replacement 2022 / Jamaica"
T8050254,"Mainline Track Replacement 2022 / Astoria"
T8050255,"Mainline Track Replacement 2022 / Concourse"
T8050256,"Mainline Track Replacement 2022 / Broadway-7th Ave"
T8050257,"Mainline Track Replacement 2022 / West End"
T8050258,"Mainline Track Replacement 2022 / Liberty"
T8050259,"Mainline Track Replacement 2022 / Eastern Parkway"
T8050260,"Mainline Track Replacement 2022 / Rockaway"
T8050261,"Mainline Track Replacement 2022 / Lenox-Wpr"
T8050263,"Mainline Track Replacement 2022 / Culver"
T8050264,"2022 Track Force Account"
T8050265,"Mainline Track Replacement 2022 / 8th Avenue (Track A-1)"
T8050266,"Mainline Track Replacement 2022 / White Plains Road"
T8050267,"Mainline Track Replacement 2022 / Astoria (Guarded Curve)"
T8050268,"Mainline Track Replacement 2023 / 6th Ave-Culver"
T8050269,"Continuous Welded Rail 2023"
T8050270,"Mainline Track Replacement 2023 / Queens-63 St"
T8050272,"Mainline Track Replacement 2023 / Support Costs"
T8050273,"Mainline Track Replacement 2023 / Eastern Parkway"
T8050274,"Mainline Track Replacement 2023 / Astoria"
T8050275,"Mainline Track Replacement 2023 / Brighton"
T8050276,"Mainline Track Replacement 2023 / Jamaica"
T8050277,"Mainline Track Replacement 2023 / Canarsie"
T8050278,"Mainline Track Replacement 2023 / Jerome"
T8050279,"Mainline Track Replacement 2023 / Lenox-Wpr"
T8050280,"Mainline Track Replacement 2023 / Pelham"
T8050281,"Mainline Track Replacement 2023 / West End"
T8050282,"Mainline Track Replacement 2023 / Rockaway"
T8050283,"Mainline Track Replacement 2023 / Manhattan Bridge"
T8050284,"Mainline Track Replacement 2023 / 4th Avenue"
T8050285,"Mainline Track Replacement 2023 / Flushing"
T8050286,"2023 Track Force Account"
T8050292,"Mainline Track Replacement 2024 / Broadway-7th Ave"
T8050293,"Mainline Track Replacement 2024 / Pelham"
T8050294,"Mainline Track Replacement 2024 / White Plains Road"
T8050295,"Mainline Track Replacement 2024 / Jamaica"
T8050296,"Mainline Track Replacement 2024 / Eastern Parkway"
T8050297,"Continuous Welded Rail 2024"
T8050298,"Mainline Track Replacement 2024 / Support Costs"
T8050299,"Mainline Track Replacement 2024 / 4th Avenue"
T80502A1,"Mainline Track Replacement 2024 / Queens"
T80502A2,"Mainline Track Replacement 2024 / Brighton"
T80502A3,"Mainline Track Replacement 2024 / Broadway"
T80502A4,"Mainline Track Replacement 2024 / Lenox-Wpr"
T80502A5,"Mainline Track Replacement 2024 / Dyre"
T80502A6,"Mainline Track Replacement 2024 / Jerome"
T80502A8,"2024 Track Force Account"
T80502B3,"Mainline Track Replacement 2024 / Eastern Parkway (Grand Army Plaza)"
T80502B4,"Mainline Track Replacement 2025 / 8th Avenue"
T80502B5,"Mainline Track Replacement 2025 / Broadway-7th Avenue"
T80502B7,"Mainline Track Replacement 2025 / Flushing"
T80502B8,"Mainline Track Replacement 2025 / Rockaway"
T80502B9,"Mainline Track Replacement 2025 / Support Costs"
T8050303,"Mainline Track Switches 2020 / Brighton"
T8050304,"Mainline Track Switches 2020 / Sea Beach"
T8050305,"Mainline Track Switches 2020 / 8th Avenue"
T8050306,"Mainline Track Switches 2020 / Queens"
T8050307,"Mainline Track Switches 2020 / Pelham"
T8050308,"Mainline Track Switches 2020 / 4th Avenue"
T8050309,"Mainline Track Switches 2020 / Lexington"
T8050310,"Mainline Track Switches 2020 / White Plains Rd"
T8050311,"Mainline Track Switches 2020 / Broadway"
T8050312,"Mainline Track Switches 2020 / Rockaway"
T8050314,"Mainline Track Switches 2021 / 8th Avenue"
T8050315,"Mainline Track Switches 2021 / Liberty"
T8050316,"Mainline Track Switches 2021 / Jerome"
T8050317,"Mainline Track Switches 2021 / Pelham"
T8050318,"Mainline Track Switches 2021 / 6th Ave-Culver"
T8050319,"Mainline Track Switches 2021 / Brighton"
T8050323,"Mainline Track Switches 2022 / Canarsie"
T8050324,"Mainline Track Switches 2022 / 8th Avenue"
T8050325,"Mainline Track Switches 2022 / Jamaica"
T8050326,"Mainline Track Switches 2022 / Myrtle"
T8050327,"Mainline Track Switches 2022 / 6th Ave-Culver"
T8050328,"Mainline Track Switches 2022 / Brighton"
T8050329,"Mainline Track Switches 2022 / Broadway"
T8050331,"Mainline Track Switches 2022 / 4 Avenue"
T8050332,"Mainline Track Switches 2022 / Lexington"
T8050333,"Mainline Track Switches 2023 / West End"
T8050335,"Mainline Track Switches 2023 / 6th Ave-Culver"
T8050336,"Mainline Track Switches 2023 / 8th Ave-Fulton"
T8050337,"Mainline Track Switches 2023 / Brighton"
T8050338,"Mainline Track Switches 2023 / Lenox-Wpr"
T8050339,"Mainline Track Switches 2023 / Rockaway"
T8050340,"Mainline Track Switches 2023 / Sea Beach"
T8050341,"Mainline Track Switches 2023 / Myrtle"
T8050353,"Mainline Track Switches 2024 / Canarsie"
T8050355,"Mainline Track Switches 2025 / Pelham"
T8050357,"Mainline Track Switches 2025 / 8th Avenue"
T8050301,"Switch Replacement: Sigmod Locations"
T8050302,"Switch Replacement: Various Locations"
T8050313,"Mainline Track Switches 2020 / Support Costs"
T8050320,"Mainline Track Switches 2021 / Support Costs"
T8050321,"Sigmod: Queens Blvd East (Hillside) - Switch Replacement"
T8050322,"Mainline Track Switches 2022 / Support Costs"
T8050334,"Mainline Track Switches 2023 / Support Costs"
T8050342,"Mainline Track Switches 2024 / Support Costs"
T8050343,"Mainline Track Switches 2024 / 8th Ave-Fulton"
T8050344,"Mainline Track Switches 2024 / Broadway-7th Ave"
T8050345,"Mainline Track Switches 2024 / Liberty"
T8050346,"Mainline Track Switches 2024 / Lenox-Wpr"
T8050347,"Mainline Track Switches 2024 / Lexington"
T8050348,"Mainline Track Switches 2024 / Jamaica"
T8050349,"Mainline Track Switches 2024 / Flushing"
T8050350,"Mainline Track Switches 2024 / Dyre"
T8050351,"Mainline Track Switches 2024 / West End"
T8050352,"Mainline Track Switches 2024 / Jerome"
T8050356,"Mainline Track Switches 2025 / Support Costs"
T8030217,"Battery Electric Bus Charging Infrastructure At Jamaica Depot - Design Only"
T8030219,"Battery Electric Bus Charging Infrastructure: Jamaica Gantries"
T8030230,"Electric Bus Charging Infrastructure"
T8030201,"Purchase 172 Standard Battery Electric Buses"
T8030202,"Purchase 155 Standard Cng Buses"
T8030203,"Purchase 18 Articulated Battery Electric Buses"
T8030204,"Purchase 224 Articulated Buses"
T8030205,"Purchase 92 Express Buses"
T8030206,"Purchase 19 Express Buses"
T8030207,"Advanced Tech Bus Development"
T8030208,"Purchase 126 Standard Hybrid-Electric Buses (Nova)"
T8030209,"Purchase 209 Standard Diesel Buses (Nova)"
T8030210,"Purchase 84 Standard Hybrid-Electric Buses (New Flyer)"
T8030211,"Purchase 139 Standard Diesel Buses (New Flyer)"
T8030213,"Purchase 15 Standard Battery Electric Buses"
T8030214,"Bus Purchase Design"
T8030215,"Purchase 5 Standard Battery Electric Buses"
T8030218,"Automated Passenger Counting, Phase 2"
T8030220,"Purchase 72 Articulated Battery Electric Buses"
T8030221,"Purchase 193 Standard Battery Electric Buses"
T8060505,"Rehab Deep Wells On The Nostrand Line"
T8060506,"Rehab Fan Plant Damper Systems - 7 Locations"
T8060507,"Replace Supervisory Vent Controls At 2 Locations On The Flushing Line"
T8060514,"Fan Plant SCADA Head-End Upgrade"
T8060517,"Deep Wells Back-Flushing On The Lenox Line"
T8060518,"Tunnel Lighting On The 8 Avenue Line"
T8060519,"Fiber Optic Cable On The 8 Avenue Line"
T8060521,"Rehab Pump Room At Willoughby Street On The Broadway Line"
T8060522,"Rehab Pump Room At ADAms Street On The Broadway Line"
T8060523,"Rehab Pump Room At Rockwell Place On The 4 Avenue Line"
T8060524,"Deep Wells Back-Flushing On The Fulton And Crosstown Lines"
T8060525,"Fan Plant Component Repairs On The Concourse Line (Fiber Only)"
T8060526,"Sandy Mitigation: Pump Room Enhancements"
T8060527,"Sandy Mitigation: 4 Pump Rooms (Jerome-Pelham Tube)"
T8060528,"Sandy Mitigation: Duct Seals At 2 Fan Plants"
T8060530,"Rehab Pump Rooms: 4 Locations"
T8060501,"Tunnel Lighting: Various Locations"
T8060502,"Fan Plants: Various Locations"
T8060503,"Pump Rooms & Deep Wells: Various Locations"
T8060504,"Additional Work: Line Equipment"
T8060508,"Pump Rooms & Deep Wells Design"
T8060512,"Fan Plants Design"
T8060513,"Tunnel Lighting Design"
T8070311,"Plenum Plate Demolition & Structure Rehab On The Eastern Parkway Line"
T8070312,"Line Structure Component Repairs On The Canarsie Line"
T8070315,"Overcoat Painting: Culver Line Section 1"
T8070316,"Overcoat Painting: Culver Line Section 2"
T8070317,"Overcoat Painting: 48 st To 72 st On The Flushing Line"
T8070318,"Line Structure Component Repairs On The Concourse Line"
T8070319,"Vents Between Stations: East 161 Street To East 192 Street On The Concourse Line"
T8070320,"Rehabilitation Of Emergency Exits At 6 Locations"
T8070323,"Replace Electrical And Mechanical Equipment At South Channel Bridge On The Rockaway Line"
T8070324,"Rehab Hammels Wye On The Rockaway Line"
T8070325,"Elevated Structure Repairs: Over-Land Sections On The Rockaway Line"
T8070329,"Line Structure Component Repairs On The 8 Avenue Line (Downtown Manhattan)"
T8070331,"Structure Repairs: 61 Street-Woodside On The Flushing Line"
T8070332,"Repair Abutment Wall: Coney Island Yard"
T8070333,"Replace Bridge: st Marks Avenue On The Franklin Avenue Shuttle"
T8070334,"Rehabilitation Of Emergency Exits At 12 Locations"
T8070335,"Overcoat Painting: Myrtle Avenue To Desales Place On The Jamaica Line"
T8070336,"Overcoat Painting: Williamsburg Bridge To Myrtle Avenue On The Jamaica Line"
T8070337,"Overcoat Painting: East New York Leads & Loops"
T8070338,"Line Structure Component Repairs On The Brighton Line (Grouting)"
T8070339,"Line Structure Component Repairs At 138 St-3 Ave Station On The Pelham Line"
T8070341,"Demolition Of Abandoned Structures On The White Plains Road Line"
T8070342,"Demolition Of Abandoned Structures On The Jamaica Line"
T8070344,"Overcoat Painting: Kings Highway To West 8 Street On The Culver Line"
T8070345,"Elevated Structure Repairs: Portal To Kings Highway On The Culver Line"
T8070347,"Demolition Of Abandoned Structures: Signal Tower On The Jamaica Line"
T8070359,"Overcoat Painting: 225 Street To 242 Street On The Broadway-7 Avenue Line"
T8070360,"Line Structure Component Repairs On The 8 Avenue Line (Uptown Manhattan)"
T8070361,"Line Structure Component Repairs On The Broadway-7 Avenue Line (Uptown Manhattan)"
T8070362,"Repair Expansion Joints On The Broadway-7 Avenue Line (Uptown Manhattan)"
T8070363,"Stormwater Mitigation On The Broadway-7 Avenue Line (Uptown Manhattan)"
T8070364,"Demolition Of Abandoned Structures On The Broadway-7 Avenue Line (Uptown Manhattan)"
T8070365,"Line Structure Component Repairs On The 4 Avenue Line"
T8070368,"Structural Rehabilitation From Boston Road To East 180th Street Abutment On White Plains Road Line (Additional Costs)"
T8070369,"Overcoat Painting And Steel Repairs At 17 Bridges On The Dyre Line (Additional Costs)"
T8070370,"Overcoat Painting At East 180 Street Flyover On The Dyre Line (Additional Costs)"
T8070371,"Vents Between Stations: Halsey Street On The Canarsie Line (10 Locations)"
T8070373,"Overcoat Painting: Portal To Kings Highway On The Culver Line"
T8070378,"Demolition Of Abandoned Structures: Circuit Breaker House On The Jamaica Line"
T8070301,"Subway Structure Repairs: Various Locations"
T8070302,"Elevated Structure Repairs: Various Locations"
T8070303,"Elevated Structure Painting And Repair"
T8070304,"Elevated Structure Netting"
T8070305,"Miscellaneous Line Structure Investments"
T8070307,"Small Business Mentoring Program - Line Structures"
T8070308,"Structural Repairs Of Steinway Loop On The Queens Boulevard Line"
T8070309,"Subway Structure Repairs Design"
T8070310,"Special/Misc. Structures Design"
T8070313,"Line Structures Painting And Repair Design"
T8070314,"Elevated Structure Repairs Design"
T8070326,"Line Structure Component Repairs On The Jamaica Line"
T8070327,"Line Structure Component Repairs On The 63 Street Line"
T8070328,"Vents Between Stations: 63 Street To 91 Street On The 4 Avenue Line"
T8070330,"Line Structure Component Repairs On The Jerome And White Plains Road Lines"
T8070340,"Stormwater Mitigation: Various Locations"
T8070348,"Overcoat Painting: Myrtle Line Outstanding Work"
T8070353,"East Side Access: Nyct Related Work"
T8070354,"Line Structure Component Repairs On The Lexington And Jerome Lines"
T8070355,"Rehabilitation Of Emergency Exits At Various Locations"
T8070356,"Line Structure Component Repairs At East Broadway On The 6 Avenue Line"
T8070374,"Demolition Of Abandoned Structures On The Broadway-7 Avenue Line"
T8070375,"Elevated Structure Repairs: 9 Avenue Portal To Stillwell Terminal On The West End Line"
T8080301,"Interlocking Ssi Replacement: Bergen st Cul"
T8080304,"Sigmod: 8 Av And 2 Interlockings (Add Supp Costs)"
T8080313,"CBTC: Flushing Line Equipment Removals"
T8080317,"Sigmod: Queens Blvd East And 3 Interlockings (Hillside) - Furnish"
T8080318,"Sigmod: Queens Blvd East And 3 Interlockings (Hillside) - Install"
T8080320,"Cable Messenger Brackets On The Brighton Line"
T8080323,"Sigmod: Crosstown Line And 3 Interlockings"
T8080328,"Interlocking Ssi Replacement: Bergen Street On The Culver Line"
T8080302,"System-Wide Signal Improvements"
T8080303,"Sigmod Equipment For Cars And Locomotives"
T8080305,"Miscellaneous Sigmod Supporting Investments"
T8080312,"Mechanical Plug-In Timer Relays Replacement"
T8080314,"Single Chip Ultra-Wideband Interoperability Proof Of Concept"
T8080315,"Signal Enhancements"
T8080316,"CBTC: General Engineering Consultant"
T8080326,"CBTC: Equip 640 R211 Option 1 Cars"
T8080327,"Validation & Verification For CBTC-Ssi"
T8080329,"CBTC: Equip 437 R211 Option 2 Cars"
T8080330,"Rail Simulation Study"
T8080331,"CBTC: Carborne Equipment Purchase"
T8080332,"CBTC QBL West (Additional Costs)"
T80803DD,"Signal Modernization Design"
T80803RR,"Sigmod: 3 Lines And Associated Interlockings"
T8080613,"Penn Station Ny-33Rd Corridor (Phase 2: Communication Room Upgrade At 34 st On The Broadway-7 Ave Line"
T8080637,"Electronic Security: Columbus Circle Complex"
T8080649,"Pslan Upgrade: 75 Street-Elderts Lane On The Jamaica Line"
T8080652,"Antenna Cable Replacement: Manhattan Bridge"
T8080658,"Fiber Optic Cable Replacement (2023)"
T8080659,"Antenna Cable Replacement: Jay Street"
T8080660,"Comm Room Upgrade: Apc Replacement"
T8080661,"Comm Room Hvac: 138 Street-Grand Concourse On The Jerome Line"
T8080601,"Comm Network Upgrades: Various Locations"
T8080602,"Phone Pbx Switch Upgrades At Jay St"
T8080603,"Fiber Optic Cable Replacement: Various Locations"
T8080604,"Copper Cable Replacement: Various Locations"
T8080605,"Antenna Cable Replacement: Various Locations"
T8080606,"Subway Radio Equipment Replacement"
T8080607,"Station Comm Room Upgrades: Various Locations"
T8080608,"Station Information Systems: Various Locations"
T8080609,"Passenger Id: Various Locations"
T8080610,"Security Technology Upgrades: Various Locations"
T8080611,"Small Business Mentoring Program - Communications"
T8080612,"Passenger Id Cctv At 88 Locations"
T8080614,"Under River Tubes (Urt) Security, Phase 3"
T8080615,"Liftnet Transition To Ethernet, Phase 2 - Package 1"
T8080616,"Liftnet Transition To Ethernet, Phase 2 - Package 2"
T8080624,"Pa/Cis Upgrade On The Canarsie Line, Phase 2"
T8080640,"Antenna Cable Replacement On The Concourse Line"
T8080641,"Upgrade Of Asynchronous Fiber Optic Network To Sonet, Ring F"
T8080642,"Pa/Cis Upgrade On The Canarsie Line"
T8080643,"Fiber Optic Cable Replacement (2021)"
T8080646,"Laser Intrusion Detection"
T8080647,"Track Intrusion Detection"
T8080648,"Track Safety Communications Initiatives"
T8080650,"Passenger Id Cctv: Additional Locations"
T8080651,"Fiber Optic Cable Replacement (2022)"
T8080655,"Isim B-Div: Module 3 (Additional Support Costs)"
T8080656,"Pslan Upgrades For Pa/Cis Phase 0 Stations"
T8080657,"Upgrade Asynchronous Fiber Optic Network To Sonet, Ring E"
T8080664,"Connection Oriented Ethernet (Coe), Phase 3C"
T8080665,"Fiber Optic Cable Replacement (A-Cable)"
T8080666,"Fiber Optic Cable Replacement (B-Cable)"
T8080670,"Fiber Optic Cable Replacement"
T8090207,"Negative Cable Replacement On The 4th Avenue Line, Phase 3"
T8090215,"New Substation: 28 Street / 8 Avenue"
T8090216,"Replace Transformers And Associated Equipment: 1 Substation"
T8090217,"Replace Transformers And Associated Equipment At 2 Substations"
T8090218,"Replace Dc Lineup At Jamaica Yard Substation"
T8090219,"Replace High Tension Switchgear At 5 Substations"
T8090220,"Replace High Tension Switchgear At West 82 Street Substation"
T8090221,"Substation Renewal: 13 Street / Culver"
T8090222,"Substation Renewal: 82 Road / Queens Boulevard"
T8090223,"Replace High Tension Switchgear At Seeley Street Substation"
T8090224,"Rehab Substation Roofs & Enclosures: 3 Locations"
T8090225,"Substation Renewal: Hester Street / 6 Avenue"
T8090226,"Substation Renewal: Village / 6 Avenue"
T8090227,"Rehab Substation Roof & Enclosure At Broadway-West 143 Street On The Broadway-7 Ave Line"
T8090228,"Rehab Substation Roofs & Enclosures: 2 Locations"
T8090229,"Replace High Tension Switchgear At 2 Substations"
T8090230,"Substation Equipment Replacement: 62 Road / Queens Boulevard"
T8090232,"Substation Renewal: Washington Heights / 8 Avenue"
T8090233,"Substation Renewal: Concourse Yard"
T8090235,"Replace Transformer, Broad Channel Substation"
T8090201,"Substation Renewals: Various Locations"
T8090202,"Substation Equipment: Various Locations"
T8090203,"Substation Enclosures: Various Locations"
T8090204,"Power Improvements: Various Locations"
T8090205,"Sigmod: Power Improvements Lexington Line"
T8090208,"Install Low-Resistance Contact Rail On The Archer Avenue Line"
T8090209,"New Negative Side Feeders On The Archer Avenue Line"
T8090210,"Substations Design"
T8090211,"Install Low-Resistance Contact Rail On The Jamaica Line"
T8090212,"New Negative Side Feeders On The Jamaica Line"
T8090213,"Install Low-Resistance Contact Rail On The 63 Street Line"
T8090214,"New Negative Side Feeders On The 63 Street Line"
T8090231,"Replace Control & Battery Cable: Zone 20 (Woodside)"
T8090234,"Replace Control Cable: Zone 25 (Concourse Yard)"
T8090404,"Rehabilitation Of 11 CBhs And 1 Enclosure - Design Only"
T8090405,"Rebuild Ducts: Central Substation 6Av"
T8090408,"Rehab Enclosure: Circuit Breaker House 301 (Pennsylvania Ave) On The Eastern Parkway Line"
T8090409,"Rehab 4 CBh Enclosures At Coney Island Yard"
T8090410,"Installation Of Second Negative Rail On The Dyre Line"
T8090411,"Rehabilitation Of 5 CBhs At Various Locations"
T8090414,"Rehabilitation Of 1 CBh At Concourse Yard"
T8090401,"Circuit Breaker Houses: Various Locations"
T8090402,"Traction Power Cables: Various Locations"
T8090403,"Miscellaneous Power Investments"
T8090406,"Upgrade SCADA System (Bmt Division)"
T8090407,"Power Distribution Design"
T8090412,"Emergency Alarms, Phase 1"
T8100408,"Non-Revenue Track Replacement - Times Square Shuttle"
T8100411,"Yard Track - 2021"
T8100412,"Livonia Maintenance Shop Phase I"
T8100414,"Yard Track - 2022 Design Only"
T8100415,"Yard Track - 2022"
T8100417,"Component Repairs: 207 st Overhaul Facility"
T8100418,"Yard Lighting At Fresh Pond Yard"
T8100419,"Jamaica Yard Expansion Phase 1 - Design Only"
T8100423,"Westchester Yard Drainage Improvements"
T8100424,"Yard Fencing At Fresh Pond Yard"
T8100425,"Component Roof Repairs: Coney Island Overhaul Shop"
T8100401,"Shop Component Repairs: Various Locations"
T8100402,"Shop Rehab/Reconstruct: Various Locations"
T8100403,"Yard/Non-Revenue Track Replacement"
T8100404,"Yard Switch Replacement"
T8100405,"Yard Fencing/Lighting/Misc. Investments"
T8100406,"Yard Track - 2020"
T8100407,"Yard Switches - 2020"
T8100409,"Shop Components Design"
T8100410,"Yard Track & Switch Design"
T8100413,"Small Business Mentoring Program - Shops & Yards"
T8100420,"Yard Track - 2023"
T8100421,"Yard Switches - 2023"
T8100426,"Yard Track - 2024"
T8100427,"Yard Switches - 2024"
T8100428,"Heavy Shop Equipment Purchase & Replacement"
T8100429,"Miscellaneous Yard Work Design"
T8100430,"Improvements To New Cable Shop (Pitkin Avenue)"
T8120303,"Jamaica Depot Reconstruction"
T8120304,"Roof Topping & Expansion Joint Replacement At Michael J Quill Depot"
T8120305,"Roof Topping & Expansion Joint Replacement At Kingsbridge Depot"
T8120307,"Jamaica Depot: Construct Bus Parking Lot At York College"
T8120313,"Facade Repair And Window Replacement At East New York Depot (Additional Costs)"
T8120301,"Depot Component Repairs: Various Locations"
T8120302,"Electric Fleet Modifications"
T8120306,"Zero Emission Fleet Transformation Study"
T8120308,"Depot Component Repairs Design"
T8120404,"Articulated Chassis Wash And Platform Lift Replacement At Ulmer Park Depot (Sbmp)"
T8120406,"Automated Fuel Management System Upgrade: 15 Depots"
T8120408,"Eltingville Park & Ride Expansion"
T8120409,"Chassis Wash Replacement At Tuskegee Airmen Depot (Sbmp)"
T8120401,"Automatic Bus Lane Enforcement (Able), Phase 2"
T8120402,"Miscellaneous Depot Investments"
T8120403,"Depot Improvements Design"
T8120405,"Automated Bus Lane Enforcement (Able), Ph 2A (300 Buses)"
T8120407,"Portable Bus Lift / Equipment Replacement"
T8120410,"Bus Radio System (Additional Support)"
T8120412,"Automated Camera Enforcement (Ace), Phase 2B"
T8120413,"Automated Bus Lane Enforcement (Able), Phase 3"
T8120414,"Automated Camera Enforcement (Ace), Phase 4"
T8160403,"Improved Resiliency Of Rcc Critical Systems"
T8160401,"Enterprise Asset Management (Eam)"
T8160402,"Upgrade Information Systems / Data Centers"
T8160704,"Employee Facility Repairs At 4 Locations On The 8 Avenue Line (Uptown)"
T8160705,"Improvements To Electrical And Mechanical Systems At Livingston Plaza - Phase B"
T8160706,"Emd Employee Facility At Hoyt-Schermerhorn Station On The Fulton Line"
T8160708,"Water Remediation And Equipment Replacement At The Electrical Distribution Room Of Prospect Park Station On The Brighton Line"
T8160709,"Rehabilitation Of Employee Bathroom And Breakroom Facilities At Various Locations, Phase 1"
T8160710,"Rehabilitation Of Employee Bathroom And Breakroom Facilities At Various Locations, Phase 2"
T8160711,"Employee Facility Consolidation At 2 Avenue Station On The 6th Avenue Line"
T8160713,"Rehabilitation Of Police District Office #4 At 14 Street-Union Square"
T8160715,"Perimeter Hardening: Power Control Center (Sbmp)"
T8160716,"Employee Facility Expansion At 7 Avenue Station On The 6 Avenue Line"
T8160717,"Water Condition Survey At West 4 Street Station On The 8 Avenue Line"
T8160718,"Facility Elevators"
T8160719,"Employee Facility Repairs At ADA & Station Component Locations"
T8160720,"Rail Control Center: Annex"
T8160722,"Employee Facility Repairs At ADA Locations"
T8160701,"Subways Employee Facility Repairs: Various Locs"
T8160702,"Facility Elevator Replacement: Various Locations"
T8160703,"Misc./Administrative Facility Investments"
T8160707,"Employee Facilities Design"
T8160712,"Rehabilitation Of Employee Bathroom And Breakroom Facilities At Various Locations, Phase 3"
T8160714,"Employee Facility Repairs At Station Component Locations"
T8160201,"Capital Revolving Fund"
T8160202,"Insurance To Support Capital Program"
T8160203,"Capital Revolving Fund 2020"
T8160204,"All-Agency Liability Insurance & Deductible"
T8160205,"Owner Controlled Insurance Program (2021)"
T8160206,"Owner Controlled Insurance Program (2022)"
T8160208,"Capital Revolving Fund 2021"
T8160209,"Capital Revolving Fund 2022"
T8160210,"Capital Revolving Fund 2023"
T8160211,"Owner Controlled Insurance Program (2023)"
T8160212,"Owner Controlled Insurance Program (2023, 2024, 2025)"
T8160213,"Capital Revolving Fund 2024"
T8160214,"Owner Controlled Insurance Program (2015-2019)"
T8160215,"Capital Revolving Fund 2025"
T8160501,"Utica Ave Corridor Study Eis"
T8160502,"Engineering Services To Support Capital Program"
T8160503,"Scope Development And Design Reserve"
T8160504,"MTA Independent Engineering Consultant"
T8160505,"Small Business Mentoring Program Administration"
T8160506,"General Order Support: Traffic Checkers 2022"
T8160514,"General Order Support Traffic Checkers"
T8160515,"General Order Support: Traffic Checkers 2021"
T8160517,"Concrete Cylinder Testing"
T8160518,"Concrete Batch Plant Inspection"
T8160519,"Construction Support 2022"
T8160520,"Bike Ped Study And Pilot"
T8160521,"General Order Support: Traffic Checkers 2023"
T8160522,"General Order Support: Traffic Checkers 2024"
T8160523,"Structural Testing Systemwide"
T8160524,"Test Pit And Test Hole Services"
T8160601,"Fire Alarms And Sprinklers: Various Locations"
T8160602,"Asbestos/Lead Air Monitoring"
T8160603,"Environmental Remediation"
T8160604,"Fire Alarms And Sprinklers Design"
T8160605,"Consultant Services: Underground Storage Tank (Ust) Remediation"
T8160606,"Fire Alarms And Sprinklers: Various Locations"
T8010101,"New/Upgrade Car Investments"
T8010102,"Purchase 640 B-Division Cars (R211 Option 1)"
T8010103,"Purchase 435 B-Division Cars (R211 Option 2)"
T8010104,"Purchase A-Division Cars (Option)"
T8010105,"Purchase R268 B-Division Cars - Design Only"
T8130201,"Purchase RuBBer Tire Vehicles"
T8130202,"Purchase Various Work Train Cars"
T8130203,"Service Vehicles Design"
T8130204,"Purchase 27 Flat Cars"
T8130205,"Critical Systems Upgrade Of Track Geometry Cars"
T8130206,"Purchase 45 Flat Cars"
T8130208,"Non-Revenue Vehicles 2023"
S8070107,"ADA Accessibility At Huguenot On The Staten Island Railway"
S8070108,"ADA Accessibility At New Dorp On The Staten Island Railway"
S8070110,"Station Components: New Dorp / Staten Island Railway"
S8070116,"Art At ADA Stations"
S8070101,"Station Components: Various Locations"
S8070102,"Track And Switch Replacement"
S8070103,"Bridge Structures: Various Locations"
S8070104,"Purchase Various Work Train Cars"
S8070105,"Purchase RuBBer Tire Vehicles"
S8070109,"Mainline Track Replacement On The Staten Island Railway"
S8070111,"Purchase 7 Flat Cars"
S8070112,"Sir Track And Switch Replacement"
S80701DD,"ADA Design"
S80701RR,"ADA: Reserve (Clifton)"
L8020409,"ADA Hollis Station"
L8020411,"ADA Locust Manor Station"
L8020412,"ADA Forest Hills Platform Extensions And Elevator"
L8020413,"ADA Copiague Station"
L8020414,"ADA st Albans Station"
L8020415,"ADA New Met-Willets Pt Station"
L8020418,"Mets-Willets Eic Relocation"
L8020419,"Northport Platform Replacement"
L8020420,"ADA Amityville Station"
L8020421,"ADA Laurelton Station"
L8020422,"ADA Massapequa Park Station"
L8020423,"ADA Lindenhurst Station"
L8020424,"Valley Stream Escalator / Elevator Replacement"
L8020425,"Auburndale Elevator Replacement"
L8020426,"Babylon Station Platforms Replacement"
L8020427,"Jamaica Eastern Portal Enhancements"
L8020428,"Jamaica West End Vertical Transportation"
L8020429,"East Yaphank Station"
L80204RR,"ADA: 7 Stations"
L8020401,"Station Renewals: Various Locations"
L8020402,"Station Platform Components: Various Locations"
L8020403,"Station Building Components: Various Locations"
L8020404,"Escalator Replacement"
L8020405,"Elevator Replacement"
L8020406,"Fare Collection Program"
L8020407,"Community Development Fund Contribution"
L8020408,"Small Business Mentoring Program - Stations"
L8020416,"Force Account Station Work - Various Locations"
L8020417,"Tactile Strips - Various Locations"
L8020498,"C&D Project Support For Stations And Buildings Projects"
L80204DD,"ADA Accessibility And Components 24 Stations Des"
L8020601,"Penn Station Hvac, Platform,& Building Improvement"
L8020603,"Psny Platform 7 & 8 Stairs Replacement"
L8020604,"Penn Station Ny-33Rd Corridor (Phase 2 LIRR 2020-2024 Plan Contribution)"
L8020602,"Radio Antenna Improvements"
L8020701,"Gct Facility Needs"
L8020501,"Parking Rehabilitation & Access Improvements"
L8020502,"Small Business Mentoring Program - Parking"
L8030112,"Track Rehab- West Side Storage Yard"
L8030113,"Patchogue Siding"
L8030101,"Construction Equipment & Geometry Cars"
L8030102,"Retaining Walls/Row Projects"
L8030103,"Yard Track Rehabilitation"
L8030104,"Annual Track Program"
L8030105,"2020 - Annual Track Program"
L8030106,"2021 Annual Track Program"
L8030107,"2022- Annual Track Program"
L8030108,"2023- Annual Track Program"
L8030109,"2024- Annual Track Program"
L8030110,"Concrete Tie Program"
L8030111,"Right Of Way Fencing"
L8030401,"Amtrak Territory Investments"
L8030402,"Jamaica Capacity Improvements"
L8030403,"Jamaica Capacity Improvements - Hall Interlocking Expansion"
L8030405,"Track Component Replacement And Yard Track Surfacing In Jamaica, Sheridan And Morris Park."
L8030404,"Other Track Improvements - Reserve"
L8030498,"C&D Project Support For Other Track Improvement Projects"
L8040102,"Replacement & Rehabilitation Of Bridges"
L8040105,"Wreck Lead Bridge Rehab"
L8040107,"Cherry Valley Road Bridge Replacement"
L8040108,"Hsf West Overpass Replacement"
L8040109,"Webster Avenue Bridge Replacement"
L8040110,"Van Wyck Bridge Span Rehabilitation"
L8040116,"Wreck Lead Bridge Design"
L8040117,"Sob Expressway & Wantagh State Pway - Paint Des"
L8040118,"Replace Bearings And Perform Other Structural Work To Reach Sogr."
L8040119,"Perform 11 Joint Repairs On Valley Stream Viaduct."
L8040101,"Painting, Drainage, & Waterproofing Of Bridges"
L8040103,"Miscellaneous Bridge Work"
L8040104,"Small Business Mentoring Program - Bridges"
L8040106,"Reynolds Bridge Design"
L8040198,"C&D Project Support For Bridge Projects"
L8040201,"Atlantic Avenue Tunnel Structural Work"
L8040202,"Tunnel Replacements & Upgrades"
L8040203,"Ert Fire And Life Safety"
L8040204,"Small Business Mentoring Program - Tunnels"
L8050201,"Babylon Interlocking Renewal & New Sidings"
L8050202,"Hunt To Post"
L8050203,"Babylon To Patchogue"
L8050207,"Positive Train Control (East Side Access)"
L8050204,"Centralized Train Control"
L8050205,"Signal Replacement And Interlocking Improvements"
L8050208,"Positive Train Control (Fra Mandates)"
L8050298,"C&D Project Support For Signal Improvement Projects"
L8050101,"Comm. Pole Line"
L8050102,"Comm Component Replacement"
L8050103,"Fiber Optic Network"
L8050104,"Station Technology Upgrades"
L8050105,"Portable Mobile Radio Replacement"
L8050106,"Radio Head-End Replacement"
L8050107,"Improved Radio Coverage Initiative/Fcc Mandates"
L8050108,"Help Points"
L8050109,"Implement New Communications Systems Technology"
L8050110,"Grade Crossing Cameras"
L8050111,"Customer Information Technology Upgrade"
L8060101,"Rolling Stock Support Shop Equipment"
L8060105,"Mid Suffolk Yard Phase 2"
L8060102,"Shop Improvements At Various Locations"
L8060103,"Yard Improvements At Various Locations"
L8060104,"Small Business Mentoring Program - Shops & Yards"
L8060198,"C&D Project Support For Shops And Yards Projects"
L8060403,"Fire Protection Improvements"
L8060404,"New Signal Training Facility"
L8060406,"Rehabilitation Of Employee Facilities - Bethpage"
L8060407,"Rehab Of Employee Facilities - Bethpage Sbmp"
L8060401,"Rehabilitation Of Employee Facilities - Various Locations"
L8060402,"Consolidation Of Employee Facilities"
L8060405,"Small Business Mentoring Program - Employee. Facilities"
L8070105,"Central Branch Electrification"
L8070107,"Jamaica Substation"
L8070108,"Penn Station Substation (E01) Hardening"
L8070111,"Development Of Preliminary Performance Specifications To Replace Priority Substations. Budget Is Broken Out From L8070101."
L8070101,"Substation Replacements"
L8070102,"Lighting Improvements"
L8070103,"Power Component Repairs And Replacements"
L8070104,"3Rd Rail Upgrades"
L8070106,"Substation Component Renewal"
L8070110,"Power Supervisory Controls And Data Acquisition"
L8070198,"C&D Project Support For Power Projects"
L8090405,"Atlantic Avenue Tunnels Security Improvements"
L8090401,"Security Camera Replacement Program"
L8090402,"Access Control At Stations, Platforms, Yards & Fac"
L8090403,"Perimeter Physical Hardening Project"
L8090404,"Equipment Upgrades For Security Command Centers"
L8090406,"Centralized Video Storage/Management Solution"
L8090407,"Physical Assessment Of All LIRR Right Of Way"
L8090408,"Environmental Remediation"
L8090409,"Eam Development"
L8090410,"Program Administration"
L8090411,"Program Development"
L8090412,"Insurance"
L8090413,"Independent Engineer"
L8090414,"Sbdp Administration"
L8090415,"Ocip"
L8090417,"Engineering Services"
L8010101,"Work Locomotives"
L8010102,"Purchase Dual-Mode Locomotives"
L8010103,"Purchase Coaches"
L8010104,"Other Rolling Stock"
M8020101,"Gct Trainshed"
M8020102,"Park Avenue Tunnel Improvements- Design Only"
M8020103,"Gct Building Component Repairs/Replacements"
M8020104,"Small Business Mentoring Program - Gct"
M8020105,"Gct Fire Stand Pipe Phase Ii"
M8020106,"Park Avenue Tunnel Exit Repairs, 72nd Street"
M8020107,"Park Avenue Tunnel Exit Repairs, W. 59th Street"
M8020108,"Pat Exit Repairs 86th st Sbmp"
M8020109,"Gct Ventilation Upgrades"
M8020110,"Gct Artery Program"
M8020205,"Ludlow Station Accessibility Improvements - Design Only"
M8020209,"3 Bronx Stations: Woodlawn, Botanical Gardens & Williams Bridge"
M8020201,"Upper Hudson & Harlem Stations Priority Repairs"
M8020202,"Harlem Line Station Renewals"
M8020203,"Harlem ADA Improvements"
M8020204,"East Of Hudson Priority Repairs"
M8020206,"New Fare Payment Equipment"
M8020207,"Small Business Mentoring Program - Stations"
M8020208,"North White Plains Platform Repair"
M8020301,"Brewster Yard Improvements-Se Parking"
M8020302,"Small Business Mentoring Program - Parking"
M8030105,"Rebuild Marble Hill Retaining Wall - Phase 1"
M8030113,"Slope Stabilization - Yonkers"
M8030101,"Cyclical Track Program"
M8030102,"Cyclical Replacement Of Insulated Joints"
M8030103,"Turnouts - Mainline, Grand Central Terminal, & Yards"
M8030104,"Rock Slope Remediation - East Of Hudson"
M8030106,"Right Of Way Drainage Improvements"
M8030107,"Maintenance Of Way Equipment"
M8030108,"2020 Cyclical Track Program"
M8030109,"Turnouts / Right Of Way Project Designs"
M8030110,"2021 Cyclical Track Program"
M8030111,"2023 Cyclical Track Program"
M8030112,"2024 Cyclical Track Program"
M8030201,"Park Avenue Viaduct Replacement Phase 1"
M8030212,"Replace South Street And Fulton Ave Bridges (Mt Vernon)"
M8030215,"Park Avenue Viaduct Replacement Ph 2"
M8030202,"Undergrade Bridge Program - East Of Hudson"
M8030203,"Overhead Bridge Program"
M8030204,"Railtop Culverts"
M8030205,"Bridge Walkways"
M8030206,"Replace Timbers Undergrade Bridges"
M8030207,"Right-Of-Way Fencing"
M8030208,"Hudson Line Tunnels"
M8030209,"Small Business Mentoring Program - Structures"
M8030211,"Park Avenue Viaduct Interim Repairs"
M8030213,"Force Account Undergrade Bridge Repair - Various Locations"
M8030304,"Moodna/Woodbury Viaduct Repairs"
M8030301,"West Of Hudson Rock Slope Remediation - Pt Jervis Line"
M8030302,"West Of Hudson Track Program - Pt Jervis Line"
M8030303,"West Of Hudson Undergrade Bridges - Pt Jervis Line"
M8030305,"West Of Hudson Improvements"
M8030306,"Small Business Mentoring Program - West Of Hudson"
M8030307,"West Of Hudson Capacity Improvements - Pt Jervis Line"
M8030308,"West Of Hudson Infrastructure Improvement"
M8050109,"New Haven Line Pelham Substation Replacement"
M8050110,"Rebuild 2 New Haven Line Ac Substations"
M8050111,"Claremont Substation Des"
M8050101,"Repl. Ma'S In Signal Substations - Design Only"
M8050102,"Substation Rehabs"
M8050103,"Harlem Line Power Improvements"
M8050104,"New Haven Line Substation Improvements"
M8050105,"3Rd Rail Component Replacement"
M8050106,"Hudson Line Track 1 Electrification"
M8050107,"Replace Signal Power Transformer & Signal Sect. Switches"
M8050108,"Transformer Rehabilitation"
M8010101,"M-3 Replacement"
M8010102,"Locomotive Replacement"
M8040101,"Harmon To Poughkeepsie Signal System - Design Only"
M8040102,"Private Branch Exchange Replacement/Upgrade"
M8040103,"Voice Recorder Replacement"
M8040104,"Network Infrastructure"
M8040105,"Station Public Address System"
M8040106,"Radio System"
M8040107,"Fire Alarm & Suppression Systems"
M8040108,"Closed Circuit Tv"
M8040109,"Grade Crossing Improvements"
M8040110,"Hot Box & Dragging Equipment"
M8040111,"Replace High Cycle Rate Relays"
M8040112,"Track Circuit Reliability"
M8040113,"Positive Train Stop Release"
M8040114,"Harmon To Poughkeepsie Signal System Ph 1"
M8060101,"Upgrade Automotive Fuel System"
M8060102,"New Haven Line Yard Improvements (Non-Psa)"
M8060103,"Small Business Mentoring Program - Shops & Yards"
M8080101,"Environmental Remediation"
M8080102,"Systemwide Lead/Asbestos Abatement"
M8080103,"Railroad Protective Liability"
M8080104,"Independent Engineer"
M8080105,"Program Administration"
M8080106,"Program Scope Development"
M8080107,"Owner Controlled Insurance Program (Ocip)"
M8080108,"Systemwide Security Initiatives"
M8080109,"Small Business Mentoring Program Administration"
M8080110,"Enterprise Asset Management Reserve"
D801BW14,"Miscellaneous Structural Rehabilitation At The Bronx-Whitestone Bridge"
D801CB24,"Preliminary Design For The Rehabilitation/ Reconstruction Of The Rockaway Crossings"
D801CB30,"Structural Rehabilitation Of The Cross Bay Bridge"
D801HC28,"Conceptual Design For Miscellaneous Repairs At The Hugh L. Carey Tunnel"
D801HC48,"Preliminary Design For Future Rehabilitation And Replacement Of The Manhattan Plaza Of The Hugh L. Carey Tunnel"
D801HC84,"Rehabilitation Of The Pipe Gallery At The Hugh L. Carey Tunnel"
D801HH36,"Upgrades To The Dyckman Street And Kappock Street Substations And Rehabilitation Of The Dyckman Street Abutments"
D801HH37,"Preliminary Design For The Reconstruction Of The Upper Level North Abutment And Retaining Wall"
D801MP16,"Miscellaneous Structural Rehabilitation At The Marine Parkway Bridge"
D801QM40,"Conceptual Design For Miscellaneous Repairs At The Queens Midtown Tunnel"
D801QM84,"Rehabilitation Of The Pipe Gallery At The Queens Midtown Tunnel"
D801RK04,"Rehabilitation Of The Wards Island And Queens Anchorages At The Robert F. Kennedy Bridge"
D801RK19,"Structural Retrofits And Overcoat Painting Of The Suspension Span At The Robert F. Kennedy Bridge"
D801RK70,"Miscellaneous Structural Rehabilitation At The Robert F. Kennedy Bridge"
D801RK80,"Preliminary Design Of A New Major Deegan Bronx Approach Ramp At The Robert F. Kennedy Bridge"
D801RK81,"Demolition Of Abandoned Bronx Plaza Structure At The Robert F. Kennedy Bridge"
D801RK83,"Rehabilitation Of The Lift Span Fender System At The Robert F. Kennedy Bridge"
D801RK93,"Reconstruct /Relocate Ri Ramps (Qr & Rm) To And From Manhattan Plaza At The Robert F. Kennedy Bridge"
D801TN49,"Main Cable And Suspender Rope Investigation At The Throgs Neck Bridge"
D801TN52,"Miscellaneous Structural Rehabilitation At The Throgs Neck Bridge"
D801TN87,"Construction Of Fender Protection For The Towers And Related Work At The Throgs Neck Bridge"
D801VN32,"Miscellaneous Structural Rehabilitation At The Verrazzano-Narrows Bridge"
D801VN8Q,"Dehumidification Of The Main Cables At The Verrazzano-Narrows Bridge"
D801AWX3,"Structural Health Monitoring"
D802BW63,"Design For An Additional Lane To The Southbound Whitestone Expressway"
D802HH07,"Shared Use Path At The Henry-Hudson Bridge"
D802HH14,"Deck Rehabilitation And Resurfacing Of Upper Level - Henry Hudson Bridge"
D802RK75,"Deck Rehabilitation And Resurfacing - Robert F. Kennedy Bridge"
D802RK90,"Design For The Widening Of S/B Fdr Drive ? From 125th St. Entrance Ramp To 116th St. Exit Ramp - Robert F. Kennedy Bridge"
D802VN81,"Rehabilitation Of The Lower Level Suspended Span At The Verrazzano-Narrows Bridge"
D802VN84,"Reconstruction Of The Of Upper Level Approaches At The Verrazzano-Narrows Bridge - Phase 2"
D802VN86,"Widening Of Belt Parkway At The Verrazzano-Narrows Bridge"
D804BW96,"Bridge Structural Lighting, Power Redundancy And Resiliency Improvements - Bronx-Whitestone Bridge"
D804BW98,"Preliminary Design Of A Cable Dehumidification System - Bronx-Whitestone Bridge"
D804HC83,"Preliminary Design For The Installation Of A Fire Suppression System - Hugh L. Carey Tunnel"
D804MP09,"Tower Elevator Replacement At The Marine Parkway Bridge"
D804QM85,"Preliminary Design For The Installation Of A Fire Suppression System - Queens Midtown Tunnel"
D804RK21,"Installation Of Fire Protection Systems At The Robert F. Kennedy Bridge"
D804TN58,"Electrical Resiliency Preparatory Work At The Tnb."
D804TN85,"Preliminary Design Of Structural Lighting And Miscellaneous Electrical Upgrades At The Throgs Neck Bridge"
D804TN98,"Preliminary Design Of A Cable Dehumidification System - Throgs Neck Bridge"
D804VN12,"Design And Construction Of Miscellaneous Bridge Lighting And Electrical Improvements - Verrazzano-Narrows Bridge"
D804VN94,"Preliminary Design For The Rehabilitation Of The Fire Standpipe System- Verrazzano-Narrows Bridge"
D804AW11,"Design And Construction Of The Replacement And Upgrade Of Fueling Systems"
D804AW73,"Design For The Replacement Of Facility Monitoring And Safety Systems At The Tunnels"
D805HC80,"Rehabilitation And Upgrades To Hct Support Buildings And Associated Properties At The Hugh L. Carey Tunnel"
D805QM36,"Rehabilitation And Upgrades To Qmt Support Buildings And Associated Properties At The Queens Midtown Tunnel"
D805RK82,"Design And Construction Of Storage Facility For Emergency Response And Construction Equipment At The Robert F. Kennedy Bridge"
D805AW12,"Agency-Wide Hazardous Materials Abatement"
D805AWX9,"Service Building Upgrades At Various Facilities"
D806CBX1,"Operational Improvements - Cross Bay Bridge"
D806MPX1,"Operational Improvements - Marine Parkway Bridge"
D806VNX1,"Install Safety Fencing On Both Levels Of The Verrazzano-Narrows Bridge"
D806VNX2,"Operational Improvement At The Vnb"
D806AW10,"Enterprise Asset Management Program"
D806AW15,"MTA Independent Engineering Services"
D806AW18,"Protective Liability Insurance"
D806AW21,"Program Administration"
D806AW22,"Miscellaneous"
D806AW28,"Scope Development"
D806AW29,"Reserve For Preliminary Designs"
D806AW85,"Traffic Enforcement Support"
D806AW94,"Small Business Mentoring Program"
D807BWPT,"Miscellaneous Painting And Overcoating At The Bronx-Whitestone Bridge"
D807MPPT,"Painting Of The Upper Level Steel - Marine Parkway Bridge"
D807RK19,"Overcoat Painting Of The Suspended Span Steel At The Robert F. Kennedy Bridge"
D807RKPT,"Miscellaneous Painting At The Robert F Kennedy Bridge"
D807TNPT,"Miscellaneous Painting At The Throgs Neck Bridge"
D807VN81,"Painting Of The Suspended Span Upper Level Roadway Steel At The Verrazano-Narrows Bridge"
D807VN84,"Painting Of The Belt Parkway Ramps At The Verrazzano-Narrows Bridge"
D807VNPT,"Miscellaneous Painting At The Verrazzano-Narrows Bridge"
D803AW36,"Install And Integrate Ip Traffic Cameras At All B&T Facilities"
D803AW52,"Develop A Comprehensive And Effective Traffic And Incident Management System By Building Upon The Current Transmit And Video Detection Systems"
D803AW57,"Enhancement And Upgrade Of Existing Advanced Management System (Atms) And Subsystems At All Nine Facilities And Operations Control And Command Center (OCCc)"
D803AW65,"Toll Collection System Rehabilitation And Upgrades"
D803AW74,"Supervisory Control And Data Acquisition (SCADA)"
D803AW80,"Advanced Traveler Information Systems & Vms Upgrades"
U8030219,"Generator Replacement At Spring Creek And College Point Depots"
U8030222,"Automated Fuel Management System Upgrade: 8 Depots"
U8030223,"Facade Repair & Restoration: 3 Bus Depots"
U8030224,"Boiler Replacement At Laguardia And Spring Creek Depots"
U8030231,"Hvac/Cng, Phase 2 At Spring Creek"
U8030232,"Hvac/Cng, Phase 2 At College Point"
U8030201,"Purchase 25 Standard Electric Buses"
U8030202,"Purchase 289 Standard Buses"
U8030203,"Purchase 110 Standard Cng Buses"
U8030204,"Purchase 55 Standard Buses"
U8030205,"Purchase 250 Express Buses"
U8030206,"Purchase 42 Articulated Buses"
U8030207,"Purchase 37 Articulated Buses"
U8030208,"Bus Systems"
U8030209,"Depot Component Repairs: Various Locations"
U8030210,"Purchase RuBBer Tire Vehicles"
U8030211,"Electric Fleet Mod At 1 MTA Bus Depot"
U8030212,"Miscellaneous Depot Investments"
U8030213,"Traffic Signal Priority"
U8030214,"Project Engineering And Administration"
U8030216,"Purchase 25 Standard Diesel Buses"
U8030217,"Purchase 85 Standard Diesel Buses"
U8030218,"Purchase 173 Standard Diesel Buses (Nova)"
U8030220,"Portable Bus Lift / Equipment Replacement"
U8030226,"Design Management Services"
U8030227,"Purchase 116 Standard Diesel Buses (New Flyer)"
U8030229,"Automated Camera Enforcement (Ace), Phase 2B - MTAb"
U8030233,"Bus Radio System (Additional Support) - MTAb"
N8100101,"Mt Vernon District Office Rehab/Replacement"
N8100105,"ESA Grand Central Terminal"
N8100108,"1825 Park Avenue"
N8100102,"Mrrs Antenna Systems And Transmitters"
N8100103,"Communications Radio Equipment"
N8100106,"Rep-Esu Fleet Vehicle Purchases"
N8100107,"Other Facility, Vehicle And Admin Support"
N8110104,"Demolish Madison Ave HQ Campus (Add'L Support)"
N8110101,"Core Planning Support"
N8110102,"Corridor Planning Support"
N8110103,"Capital Program Support"
N8000102,"MTA Sbdp Business Development"
N8000103,"MTA Sbdp Business Development"
N8130101,"MTA Construction & Development Support"
N8130102,"MTA Construction & Development (Add'L Support)"
G8090101,"ESA: Manhattan 3Rd Party Construction"
G8090102,"ESA: Queens & Harold 3Rd Party Construction"
G8090103,"ESA: Systems 3Rd Party Construction"
G8090104,"ESA: Other 3Rd Party Construction"
G8090105,"ESA: In-House & Amtrak Direct Construction"
G8090106,"ESA: In-House & Amtrak Indirect Construction"
G8090107,"ESA: In-House & 3Rd Party Design And Cps"
G8090108,"ESA: In-House & 3Rd Party Program Management"
G8090109,"ESA: In-House & 3Rd Party Construction Management"
G8090110,"ESA: Real Estate"
G8090111,"ESA: Ocip"
G8090112,"ESA: Rolling Stock"
G8090113,"ESA: 48th Street Entrance Real Estate"
G8090114,"ESA: Concourse, Cavern & Facility Detailing"
G8090115,"ESA: LIRR Harold Stage 4"
G8090116,"ESA: 48th Street Entrance Construction"
G8090117,"ESA: Materials Warranties"
G8090118,"ESA: Utility Allowance Package"
G8090119,"ESA: LIRR Operating Support Services"
G8090120,"ESA: Fa System Testing & Commissioning"
G8090121,"ESA: LIRR Harold Stage 3"
G8090122,"ESA: Operational Readiness Training"
G8090123,"ESA: Northern Blvd. Office Costs"
G8090124,"ESA: Test Trains"
G8090125,"ESA: Arts For Transit"
G8090126,"ESA: Amtrak Operating Support Services"
G8090199,"ESA: Program Reserve"
G8100102,"SAS Ph 2: Pm/Cm/Support Reserve"
G8100104,"SAS 2 Heavy Civil At 125th & Tunnel Boring Machine"
G8100105,"SAS 2 106/116th Heavy Civil & Structures"
G8100106,"SAS 2 Finishes & Fit-Out"
G8100101,"SAS Ph 2: Construction Reserve"
G8100103,"SAS Ph 2: Real Estate Reserve"
G8100108,"SAS 2 Owner Controlled Insurance Program"
G8100109,"SAS 2 Artwork"
G8100198,"SAS 2 Reserve"
G8100201,"SAS2 West Project Design"
G8110102,"Penn Station Access: Program Management"
G8110103,"Penn Station Access: Construction Management"
G8110104,"Penn Station Access: Track & Structures"
G8110105,"Penn Station Access: Communications & Signals"
G8110106,"Penn Station Access: Power"
G8110107,"Penn Station Access: Stations"
G8110108,"Penn Station Access: Shops & Yards"
G8110110,"Penn Station Access: General Engineering Consultant"
G8110111,"Penn Station Access: Force Account"
G8110112,"Penn Station Access: Real Estate"
G8110113,"Penn Station Access: Ocip"
G8110114,"Penn Station Access Design-Build Contract"
G8110199,"Penn Station Access: Program Reserve"
G8110120,"Fleet Purchase"
G8110122,"Penn Station Access: Locomotive Purchase"
G8130103,"LIRR Expansion Project: D-B Construction Contract"
G8130107,"LIRR Expansion Project: Force Account Construction"
G8130109,"LIRR Expansion Project: Force Account Support"
G8130110,"LIRR Expansion Project: Busing"
G8130111,"LIRR Expansion Project: Force Account Project Management"
G8130112,"LIRR Expansion Project: Force Account Design"
G8130113,"LIRR Expansion Project: Force Account Reserve"
G8130114,"LIRR Expansion Project: 3P Project Management Contract"
G8130115,"LIRR Expansion Project: Network Expansion Project Management"
G8130116,"LIRR Expansion Project: Nysdot Project Management"
G8130117,"LIRR Expansion Project: Project Administration (Other Costs)"
G8130118,"LIRR Expansion Project: Owner Controlled Insurance Program (Ocip)"
G8130119,"LIRR Expansion Project: Real Estate"
G8130120,"LIRR Expansion Project: Arts For Transit"
G8130199,"LIRR Expansion Project: Program Reserve"
G8140101,"Regional Investments: Ebrr Including Railroad Access & Protection"
G8140102,"Regional Investments: WBBy Including Railroad Access & Protection"
G8140103,"Regional Investments: Loop & T Interlocking"
G8140104,"Regional Investments: Amtrak Direct Force Account"
G8140105,"Regional Investments: LIRR Direct Force Account"
G8140106,"Regional Investments: Program Management/Construction Management"
G8140107,"Regional Investments; Design/Cps"
G8140108,"Regional Investments: Rolling Stock"
G8140109,"Regional Investments: General Conditions"
G8140110,"Regional Investments: Ocip"
G8140116,"Regional Investments: Harold Catenary Work"
G8140117,"Harold Structures - B/C Approach - Eastbound Re-Route"
G8140119,"LIRR Access And Protection-Various"
G8140199,"Regional Investments: Program Reserve"
G8140118,"Amtrak Access And Protection"
G8140120,"Other Regional Investments Support"
G8150101,"Gec Contract"
G8150102,"Penn Reconstruction Support"
G8150103,"Penn Reconstruction External Support"
G8080101,"Interborough Express Gec"
G8160101,"Miscellaneous: Engineering/Prog Support"
G8160102,"Miscellaneous: Independent Engineering Consultant"
G8160103,"Miscellaenous: Additional Program Support"
G8160104,"Program Control & Data Mgmnt. Prog.-Wsp"
C801CP01,"Exploratory Work For Planning, Design And Implementation Of Central Business District Tolling Program (CBDTP)."
C801CP02,"Program Management For Design, Construction And Implementation Of Central Business District Tolling Program (CBDTP)."
C801CP03,"Design-Build Work For Design, Build, Operate And Maintain For Central Business District Tolling Program (CBDTP)."
C801CP04,"Implement Customer Service Center And Back Office Integration For Central Business District Tolling Program (CBDTP)."
C801CP05,"Inter-Agency Agreements And Work On Central Business District Tolling Program (CBDTP)."
C801CP06,"Program Contingency For Central Business District Tolling Program (CBDTP)."
D901AW9V,"Structural Health Monitoring"
D901AW9Y,"Miscellaneous Security Upgrades - Reserve"
D901BW9A,"Misc. Structural Rehab At The Bwb"
D901BW9D,"Anchorage Rehabilitation"
D901BW9K,"Traveler Overhaul Or Replacement"
D901BW9Q,"Main Cable Dehumidification/Related Improv"
D901BW9X,"Safety Fence"
D901CB9A,"Misc. Structural Rehab At The CBB"
D901HC9A,"Tunnel Rehabilitation"
D901HC9C,"Givb Fender/Pedestrian Footbridge Rehab"
D901HH9A,"Misc. Structural Rehab At The HHb"
D901MP9A,"Misc. Structural Rehab At The Mpb"
D901QM9A,"Tunnel Rehabilitation"
D901RK9A,"Misc. Structural Rehab At The Rfk"
D901RK9I,"Substructure Retrofit - Prelim Design"
D901RK9T,"Bronx Approach. Truss/Jct Structure Rehab"
D901RK9Z,"Superstructure Upgrades Suspended Spans"
D901TN9A,"Miscellaneous Structural Rehabilitation"
D901TN9D,"Anchorage Rehabilitation"
D901TN9H,"Concrete Pier Rehab On Approaches"
D901TN9Q,"Main Cable Dehumidification/Related Improv."
D901TN9V,"Lower Garage Rehabiltiation"
D901TN9X,"Safety Fence"
D901VN9A,"Miscellaneous Structural Rehabilitation"
D902AW9Q,"Authority Wide Traffic Safety Improvements"
D902HH9F,"Deck Rehab And Resurfacing - Upper Level"
D902HH9M,"Sign Gantry Upgrade/Replacment"
D902MP9X,"Operational/Accessibilty Improvements"
D902RK9O,"Replace Manhattan Plz Str/Assoc Ramps"
D902RK9U,"Manhattan Plaza Rehabiltation"
D902RK9V,"Rfk Deck Rehabilitation"
D902TN9N,"Replcmnt Of Cross Isl Ramps-On/Off Bound"
D902VN9I,"Replace Suspended Span Lower Decks"
D902VN9L,"Replcmnt Of Suspended Span Overlays"
D902CB9X,"Operational/Accessibilty Improvements"
D903AW9J,"Weather Information Systems"
D903AW9K,"Fiber Optic Infrastructure And Integration"
D903AW9L,"Traffic Detection/Incident Mgmt. Systems"
D903AW9M,"Atms Enhancements/Upgrades And OCCc"
D903AW9N,"Toll Collection System Rehab/Upgrades"
D903AW9O,"Overheight Vehicle Detection/Mitigation"
D903AW9R,"SCADA Systems"
D903AW9S,"Adv. Traveler Info. Systems/Vms Upgrades"
D904AW9X,"Replacement & Upgrade Of Fueling Systems"
D904AW9Z,"Uninterruptible Power Supply Overhaul"
D904BW9C,"Anchorage Dehumidification Upgrades"
D904HC9N,"Replcmnt Of Supply Fan Housings & Rotors"
D904HC9R,"Installation Of Fire Suppression System"
D904HH9J,"Parkwy Drainage System Improvements"
D904HH9L,"Drainage Upgrades On Bridge"
D904MP9C,"Motor Control Center Replacement  At Mpb"
D904QM9C," Power Resiliency Upgrades At The Qmt"
D904QM9D,"Drainage Pump Rehabilitation"
D904QM9N,"Replcmnt Of Supply Fan Housings & Rotors"
D904QM9R,"Installation Of Fire Suppression System"
D904RK9E,"Roadway Lighting Replacement"
D904RK9H,"Motor Control Center ReplaCDment Hrls"
D904RK9J,"Install Fire Standpipe/Upgrade Protect Sys"
D904RK9R,"Miscellaneous Utility Upgrades  - Reserve"
D904RK9S,"Replace/Relocate 13Kv Substation"
D904RK9Y,"Anchorage Substation/Electrical Resiliency"
D904TN9C,"Anchorage Dehumidification Upgrades"
D904TN9S,"Power Redundancy And Resiliency"
D904TN9Z,"Upgrade Fire Standpipe System"
D904VN9Z,"Facility Monitoring & Safety Sys Overhaul"
D905AW9B,"Service Building Upgrade Reserve"
D905AW9C,"Haz.Matl. Abatement"
D905HC9B,"Rehab Hct Ventilation Buildings"
D905HC9G,"Misc Struct Rehab At The Bpg (Phase Vi)"
D905HC9O,"Rehabilitation Of Givb And Bvb Façade"
D905QM9B,"Rehab Qmt Ventilation Buildings"
D905RK9B,"Rmb Upgrades"
D905RK9C,"Central Maint. Expansion For Toll Collect"
D905RK9G,"Rfk Service/Fleet Building Upgrades"
D905RK9W,"Isd Hub Relocation"
D905TN9B,"Service Building Rehabilitation"
D905TN9U,"Tn Site Improvements"
D905VN9B,"Building Upgrades/Space Reallocation"
D905CB9B,"Mpb/CBB Service Blgg Rehab/Site Improv"
D905HH9N,"Backup OCC"
D906AW9A,"Eam -Reserve"
D906AW9D,"MTA Independent Engineer"
D906AW9E,"Protective Liability Insurance"
D906AW9F,"Program Administration"
D906AW9G,"Miscellaneous"
D906AW9H,"Scope Development"
D906AW9I,"Preliminary Design"
D906AW9T,"Tea - Reserve"
D906AW9U,"Sbmp - Reserve"
D907AW9P,"Painting Reserve"
D907BW9O,"Anchorage Waterproofing"
D907BW9P,"Bw Facility-Wide Painting Program"
D907MP9P,"Mp Facility-Wide Painting Program"
D907RK9P,"Rk Facility-Wide Painting Program"
D907TN9O,"Anchorage Waterproofing"
D907TN9P,"Tn Facility-Wide Painting Program"
D907VN9P,"Vn Facility-Wide Painting Program"
D907CB9P,"CB Facility-Wide Painting Program"
G9080101,"Project Development"
G9120101,"Project Development"
G9120201,"Project Development"
G9170101,"Project Development"
L9010101,"Dual-Mode Locomotives"
L9010102,"Work Locomotives"
L9010103,"M9A"
L9010104,"Diesel-Hauled Coaches"
L9020401,"Station Components: Various Locations"
L9020402,"Station Renewals: Various Locations"
L9020403,"Small Business Mentoring: Stations"
L9020404,"Station ADA Improvements: Various Locations"
L9020405,"Station Improvements: Various Locations"
L9020406,"Jamaica Station - Vertical Circulation"
L9020407,"Station Design"
L9020501,"Station Parking: Various Locations"
L9020601,"Penn Station: Station Components"
L9020701,"Grand Central Terminal: Station Components"
L9030101,"Annual Track Program"
L9030102,"M Of W Equipment Purchases"
L9030103,"Row Culverts, Drainage, Retaining Walls"
L9030104,"Row Protection - High Security Fencing"
L9030105,"Yard Track Rehabilitations"
L9030401,"Amtrak Territory Investments"
L9030402,"Jamaica Capacity Improvements - Met Interlocking"
L9030403,"Jamaica Capacity Improvements - Sgr"
L9030404,"Grade Crossing Renewals"
L9040101,"Painting, Drainage, & Waterproofing Of Bridges"
L9040102,"Small Business Mentoring - Bridges"
L9040103,"Replacement & Rehabilitation Of Bridges"
L9040104,"Miscellaneous Line Structures"
L9040201,"Atlantic Avenue Tunnel Structural Work"
L9050101,"Communications Sgr"
L9050102,"Grade Crossing Cameras"
L9050103,"Customer Information Technology Upgrade"
L9050201,"Signal Normal Replacement"
L9050202,"Signal System Renewals"
L9050203,"Signal Replacement And Interlocking Upgrades"
L9050204,"Centralized Train Control"
L9050205,"Ptc Federal Mandates"
L9050206,"Signal Modernization"
L9060101,"Shop Component Renewals"
L9060102,"Small Business Mentoring Program - Shops & Yards"
L9060103,"Rolling Stock Support Shop Equipment"
L9060104,"New Shop Design & Preliminary Engineering"
L9060401,"Rehabilitation Of Employee Facilities: Various Loc"
L9060402,"Small Business Mentoring Program - Employee Facs"
L9070101,"Substation Replacements"
L9070102,"Substation Component Renewal"
L9070103,"Power Component Repairs & Replacements"
L9070104,"3Rd Rail Replacements & Upgrades"
L9070105,"Lighting Improvements"
L9070106,"Power Modernization"
L9090401,"Security Component Replacement"
L9090402,"Security System Improvements"
L9090403,"Environmental Remediation"
L9090404,"Eam Development"
L9090405,"Program Administration"
L9090406,"Program Development"
L9090407,"Railroad Protective Liability"
L9090408,"Independent Engineer"
L9090409,"Small Business Mentoring Program - Admin."
L9090410,"Ocip"
M9010101,"M9A Fleet"
M9010102,"West Of Hudson Locomotive Replacement"
M9010103,"Coach Replacement"
M9020201,"Station Rehabilitation "
M9020202,"ADA Accessibility Improvements"
M9020203,"Station Component Replacement"
M9020204,"Small Business Mentoring Program - Stations"
M9020301,"Small Business Mentoring Program - Parking"
M9020302,"Parking Improvements"
M9030101,"Annual Track Program"
M9030102,"Marble Hill Retaining Wall Construction Phase I"
M9030103,"Mow Equipment Purchase"
M9030104,"Slope Remediation"
M9030105,"Drainage Improvements  "
M9030201,"Undergrade Bridge Program"
M9030202,"Tunnel Improvements"
M9030203,"Overhead Bridge Program"
M9030204,"R.O.W Force Account Structures Rehabilitation"
M9030206,"Small Business Mentoring Program - Structures"
M9030301,"Small Business Mentoring Program - West Of Hudson"
M9030302,"Woh Improvements"
M9030303,"Woh Track Program - Pt Jervis Line"
M9030304,"Woh Undergrade Bridges - Pt Jervis Line"
M9030305,"Woh Stations Improvements"
M9040101,"Signal System Upgrades"
M9040102,"Network Infrastructure"
M9040103,"Pbx Replacement"
M9040104,"Ptc Federal Mandates"
M9040105,"Grade Crossings"
M9040106,"Signal Infrastructure Replacement"
M9040107,"Communication Improvements"
M9050101,"Resiliency - City Water Substation"
M9050102,"Substations Improvements"
M9050103,"R.O.W Power Improvements"
M9050104,"Third Rail/Component Replacement"
M9050105,"Catenary Improvements"
M9060101,"Small Business Mentoring Program - Shops & Yards"
M9060102,"Shops Improvements"
M9060103,"Yard Improvements"
M9060104,"Facilities Improvements"
M9080101,"Environmental Remediation"
M9080102,"Systemwide Lead/Asbestos Abatement"
M9080103,"Railroad Protective Liability"
M9080104,"Independent Engineer"
M9080105,"Program Administration"
M9080106,"Program Scope Development"
M9080107,"Ocip Insurance"
M9080108,"Systemwide Security Initiatives"
M9080109,"Eam Reserve"
N9100101,"District Office Repairs And Replacement"
N9100102,"Communication Infrastructure "
N9100103,"Rep-Esu Fleet Vehicle Purchases"
N9100104,"Other Facility, Vehicle And Admin Support"
N9110101,"Core / Corridor Planning Studies"
N9110201,"Capital Program Support Services"
N9110301,"Program Administration"
S9070101,"Station Components: Various Locations"
S9070102,"Track And Switch Replacement"
S9070103,"Structure Repairs: Various Locations"
S9070104,"Paint Bridges: Various Locations"
S9070105,"Employee Facility Repairs"
S9070106,"Power Improvements: Various Locations"
S9070107,"Various Technology / System Improvements"
S9070108,"Purchase Various Work Train Cars"
S9070109,"Purchase Various RuBBer Tire Vehicles"
S9070110,"ADA: Staten Island Railway"
T9010101,"Purchase 355 New B-Division Cars"
T9010102,"Purchase 1,140 New A-Division Cars - Phase 1"
T9010103,"Additional Rolling Stock Support"
T9030201,"Purchase 500 Standard Zef Buses"
T9030202,"Purchase 855 Standard Buses"
T9030203,"Purchase 556 Articulated Buses"
T9030205,"Purchase 350 Express Buses"
T9030207,"Bus Charging"
T9030208,"Bus Technology"
T9040401,"Next Generation Turnstiles"
T9040701,"Replace 45 Elevators"
T9040702,"Replace 43 Escalators"
T9041201,"Station Renewals: 10 Locations"
T9041202,"Station Components: Various Locations"
T9041203,"Sbmp - Stations"
T9041204,"Other Station Work"
T90413RR,"ADA Station Investments"
T9050201,"Mainline Track Replacement"
T9050202,"Mainline Track Replacement (Stations & Other)"
T9050203,"Track Force Account"
T9050301,"Switch Replacement"
T9050302,"Switch Replacement (CBTC)"
T9060501,"Tunnel Lighting: Various Locations"
T9060502,"Fan Plants: Various Locations"
T9060503,"Pump Rooms: Various Locations"
T9060504,"Other Line Equipment Work"
T9070301,"Elevated Structure Paint/Repair: Various Locs"
T9070302,"Subway Structure Repairs: Various Locations"
T9070303,"Rehabilitate Emergency Exits"
T9080301,"CBTC Equipment For Rolling Stock"
T9080303,"Ats-A System Replacement"
T9080304,"Signal System Component Replacement"
T9080305,"Additional CBTC Work"
T90803RR,"CBTC: Various Lines"
T9080601,"Communications Network Upgrades"
T9080602,"Electronic Security Systems"
T9080603,"Station Comm Room Upgrades: Various Locs (Sbmp)"
T9080604,"Subway Radio Equipment Replacement"
T9080605,"Communications Applications"
T9080606,"Communication Cable Replacement: Various Locs"
T9080607,"Station Information Systems"
T9090201,"Substation Renewals: Various Locations"
T9090202,"Substation Components: Various Locations"
T9090401,"Rehab CBhs/ Enclosures: Various Locs"
T9090402,"Upgrade SCADA Systems (Ind)"
T9090403,"Other Power Distribution Work"
T9100401,"Livonia/240 st Shop Facilities Rehab"
T9100402,"Shop Components: Various Locations"
T9100403,"Dos Facility Elevators: Various Locations"
T9100405,"Yard Lighting / Improvements: Coney Island Complex"
T9100407,"Yard Track Replacement"
T9100408,"Yard Switch Replacement"
T9120301,"Depot Component Repairs: Various Locations"
T9120302,"Non-Revenue Shop Reconfiguration"
T9120305,"Other Depot Work"
T9130201,"Purchase 45 Locomotives"
T9130202,"Purchase Various RuBBer Tire Vehicles"
T9130203,"Purchase / Upgrade Various Work Train Cars"
T9160201,"Capital Revolving Fund"
T9160202,"Ocip And Other Insurance"
T9160401,"Enterprise Asset Management (Eam)"
T9160402,"Information Systems Upgrades / Resiliency"
T9160501,"Engineering Services To Support Capital Program"
T9160502,"Small Business Mentoring Program Admin."
T9160503,"Scope Development And Design"
T9160504,"Go Support - Traffic Checkers"
T9160701,"Subway Employee Facility Repairs: Various Locs"
T9160703,"Fire Alarms And Sprinklers: Various Locations"
T9160704,"Pcc/Rcc Upgrades"
U9030201,"Purchase 153 Standard Buses"
U9030203,"Purchase 90 Articulated Buses"
U9030205,"Base Shop Expansion - Design & Site Prep"
U9030206,"Bus Technology"
U9030207,"Project Engineering & Program Administration"
U9030208,"Purchase RuBBer Tire Vehicles"
U9030209,"Depot Improvements & Equipment"